fascicolo,localita,capoluogo,indicizzata,provincia_diversa,anni ottanta,anni novanta,anni duemila,anni duemiladieci
Agrigento,AGRIGENTO,sì,sì,,sì,sì,,
Agrigento,Canicattì,no,in parte,,sì,sì,,
Agrigento,Licata,no,in parte,,sì,sì,,
Agrigento,Ribera,no,in parte,,sì,sì,,
Agrigento,Sciacca,no,in parte,,sì,sì,,
Agrigento - Caltanissetta,AGRIGENTO,sì,sì,,sì,,,
Agrigento - Caltanissetta,CALTANISSETTA,sì,sì,,sì,,,
Agrigento - Caltanissetta,Canicattì,no,no,AG,sì,,,
Agrigento - Caltanissetta - Trapani,AGRIGENTO,sì,sì,,sì,,,
Agrigento - Caltanissetta - Trapani,CALTANISSETTA,sì,sì,,sì,,,
Agrigento - Caltanissetta - Trapani,Marsala,no,no,TP,sì,,,
Agrigento - Caltanissetta - Trapani,TRAPANI,sì,sì,,sì,,,
Alessandria,ALESSANDRIA,sì,sì,,sì,sì,,
Alessandria,Acqui Terme,no,sì,,sì,sì,,
Alessandria,Alzano,no,no,,sì,,,
Alessandria,Casale Monferrato,no,sì,,sì,sì,,
Alessandria,Castelnuovo,no,no,,sì,,,
Alessandria,Novi Ligure,no,sì,,sì,sì,,
Alessandria,Ovada,no,sì,,sì,sì,,
Alessandria,Tortona,no,sì,,sì,sì,,
Alessandria,Valenza,no,sì,,sì,sì,,
Alessandria - Asti,ALESSANDRIA,sì,sì,,sì,,,
Alessandria - Asti,ASTI,sì,sì,,sì,,,
Alessandria - Asti,Acqui Terme,no,sì,,sì,,,
Alessandria - Asti,Canelli,no,sì,,sì,,,
Alessandria - Asti,Casale Monferrato,no,sì,,sì,,,
Alessandria - Asti,Nizza Monferrato,no,sì,,sì,,,
Alessandria - Asti,Novi Ligure,no,sì,,sì,,,
Alessandria - Asti,Ovada,no,sì,,sì,,,
Alessandria - Asti,Tortona,no,sì,,sì,,,
Alessandria - Asti,Valenza,no,sì,,sì,,,
Ancona,ANCONA,sì,sì,,sì,sì,sì,
Ancona,Ancona,sì,sì,,,,,sì
Ancona,Castelfidardo,no,sì,,,,sì,sì
Ancona,Fabriano,no,sì,,sì,sì,sì,sì
Ancona,Falconara Marittima,no,sì,,,sì,sì,sì
Ancona,Jesi,no,sì,,sì,sì,sì,sì
Ancona,Osimo,no,sì,,sì,sì,sì,sì
Ancona,Porto Recanati,no,sì,MC,,,sì,sì
Ancona,Recanati,no,sì,MC,,sì,sì,
Ancona,Senigallia,no,sì,,sì,sì,sì,sì
Ancona - Pesaro - Urbino,ANCONA,sì,sì,,sì,,,
Ancona - Pesaro - Urbino,Fabriano,no,sì,,sì,,,
Ancona - Pesaro - Urbino,Fano,no,sì,,sì,,,
Ancona - Pesaro - Urbino,Jesi,no,sì,,sì,,,
Ancona - Pesaro - Urbino,PESARO,sì,sì,,sì,,,
Ancona - Pesaro - Urbino,URBINO,sì,sì,,sì,,,
Aosta,AOSTA,sì,sì,,sì,,,
Aosta,Châtillon,no,sì,,sì,,,
Aosta,Courmayeur,no,sì,,sì,,,
Aosta,Saint-Vincent,no,sì,,sì,,,
Arezzo - Siena,AREZZO,sì,sì,,sì,sì,,
Arezzo - Siena,Chianciano,no,sì,,sì,sì,,
Arezzo - Siena,Chianciano Terme,no,in parte,SI,sì,sì,,
Arezzo - Siena,Chiusi,no,in parte,SI,sì,sì,,
Arezzo - Siena,Colle di Val d'Elsa,no,sì,,sì,sì,,
Arezzo - Siena,Cortona,no,sì,AR,sì,sì,,
Arezzo - Siena,Montevarchi,no,sì,AR,sì,sì,,
Arezzo - Siena,Poggibonsi,no,sì,,sì,sì,,
Arezzo - Siena,SIENA,sì,sì,,sì,sì,,
Arezzo - Siena,San Gimignano,no,in parte,,sì,sì,,
Arezzo - Siena,San Giovanni Valdarno,no,sì,,,sì,,
Arezzo - Siena,Sinalunga,no,sì,,,sì,,
Arezzo - Siena,Terranuova Bracciolini,no,sì,,,sì,,
Ascoli Piceno,ASCOLI PICENO,sì,sì,,sì,sì,,
Ascoli Piceno,Fermo,no,sì,,sì,sì,,
Ascoli Piceno,Porto San Giorgio,no,sì,,,sì,,
Ascoli Piceno,Porto Sant'Elpidio,no,sì,,,sì,,
Ascoli Piceno,San Benedetto del Tronto,no,sì,,sì,sì,,
Ascoli Piceno - Macerata,ASCOLI PICENO,sì,sì,,sì,,,
Ascoli Piceno - Macerata,Civitanova Marche,no,no,,sì,,,
Ascoli Piceno - Macerata,MACERATA,sì,sì,,sì,,,
Ascoli Piceno - Macerata,San Benedetto del Tronto,no,sì,,sì,,,
Asti,ASTI,sì,sì,,sì,sì,,
Asti,Asti,sì,sì,,,,,sì
Asti,Canelli,no,sì,,sì,sì,,sì
Asti,Moncalvo,no,sì,,,,,sì
Asti,Nizza Monferrato,no,sì,,sì,sì,,sì
Asti,San Damiano d'Asti,no,in parte,,sì,sì,,sì
Asti,Villanova d'Asti,no,sì,,sì,sì,,sì
Avellino - Salerno,AVELLINO,sì,sì,,sì,sì,,
Avellino - Salerno,Agropoli,no,sì,,,sì,,
Avellino - Salerno,Amalfi,no,no,,sì,,,
Avellino - Salerno,Ariano Irpino,no,sì,,,sì,,
Avellino - Salerno,Battipaglia,no,sì,,sì,sì,,
Avellino - Salerno,Cava de' Tirreni,no,sì,,sì,sì,,
Avellino - Salerno,Costiera Amalfitana,no,no,,sì,,,
Avellino - Salerno,Costiera amalfitana,no,no,,sì,,,
Avellino - Salerno,Eboli,no,sì,,,sì,,
Avellino - Salerno,Mercato San Severino,no,sì,,,sì,,
Avellino - Salerno,Nocera Inferiore,no,sì,,sì,sì,,
Avellino - Salerno,Pagani,no,sì,,sì,sì,,
Avellino - Salerno,Pontecagnano,no,sì,,,sì,,
Avellino - Salerno,SALERNO,sì,sì,,sì,sì,,
Avellino - Salerno,Vallo della Lucania,no,sì,,,sì,,
Bari,Altamura,no,sì,,,sì,sì,
Bari,Andria,no,sì,,sì,sì,sì,
Bari,BARI,sì,sì,,sì,sì,sì,
Bari,Barletta,no,sì,,sì,sì,sì,
Bari,Bisceglie,no,sì,,sì,sì,sì,
Bari,Bitonto,no,sì,,sì,sì,sì,
Bari,Canosa di Puglia,no,sì,,,sì,sì,
Bari,Castellana Grotte,no,in parte,,sì,sì,sì,
Bari,Conversano,no,sì,,,sì,sì,
Bari,Modugno,no,sì,,sì,sì,sì,
Bari,Molfetta,no,sì,,sì,sì,sì,
Bari,Monopoli,no,sì,,sì,sì,sì,
Bari,Trani,no,sì,,sì,sì,sì,
Bari - Barletta Andria Trani,ANDRIA,sì,sì,,,,,sì
Bari - Barletta Andria Trani,Altamura,no,sì,,,,,sì
Bari - Barletta Andria Trani,BARI,sì,sì,,,,,sì
Bari - Barletta Andria Trani,BARLETTA,sì,sì,,,,,sì
Bari - Barletta Andria Trani,Bisceglie,no,sì,,,,,sì
Bari - Barletta Andria Trani,Bitonto,no,sì,,,,,sì
Bari - Barletta Andria Trani,Canosa di Puglia,no,sì,,,,,sì
Bari - Barletta Andria Trani,Carbonara,no,sì,,,,,sì
Bari - Barletta Andria Trani,Castellana Grotte,no,sì,,,,,sì
Bari - Barletta Andria Trani,Conversano,no,sì,,,,,sì
Bari - Barletta Andria Trani,Modugno,no,sì,,,,,sì
Bari - Barletta Andria Trani,Molfetta,no,sì,,,,,sì
Bari - Barletta Andria Trani,Monopoli,no,sì,,,,,sì
Bari - Barletta Andria Trani,Palese,no,sì,,,,,sì
Bari - Barletta Andria Trani,Santo Spirito,no,sì,,,,,sì
Bari - Barletta Andria Trani,TRANI,sì,sì,,,,,sì
Belluno,BELLUNO,sì,sì,,sì,sì,,
Belluno,Cortina d'Ampezzo,no,sì,,sì,sì,,
Belluno,Feltre,no,sì,,sì,sì,,
Belluno,Mel,no,sì,,,sì,,
Belluno,San Martino di Castrozza,no,no,,sì,,,
Belluno,San Martino di Castrozza/Primiero,no,sì,,sì,,,
Belluno,Santa Giustina,no,sì,,,sì,,
Belluno,Sedico,no,sì,,,sì,,
Belluno,Trichiana,no,sì,,,sì,,
Belluno - Treviso,BELLUNO,sì,sì,,sì,,,
Belluno - Treviso,Castelfranco Veneto,no,sì,,sì,,,
Belluno - Treviso,Conegliano,no,sì,,sì,,,
Belluno - Treviso,Cortina d'Ampezzo,no,in parte,BL,sì,,,
Belluno - Treviso,Feltre,no,sì,,sì,,,
Belluno - Treviso,Montebelluna,no,sì,,sì,,,
Belluno - Treviso,Oderzo,no,sì,,sì,,,
Belluno - Treviso,TREVISO,sì,sì,,sì,,,
Belluno - Treviso,Vittorio Veneto,no,sì,,sì,,,
Benevento - Caserta,Aversa,no,sì,,sì,sì,,
Benevento - Caserta,BENEVENTO,sì,sì,,sì,sì,,
Benevento - Caserta,CASERTA,sì,sì,,sì,sì,,
Benevento - Caserta,Maddaloni,no,sì,,,sì,,
Benevento - Caserta,Santa Maria Capua Vetere,no,sì,,,sì,,
Bergamo,Albino,no,sì,,,sì,sì,
Bergamo,Almè,no,sì,,,sì,sì,
Bergamo,Azzano San Paolo,no,sì,,,,sì,
Bergamo,BERGAMO,sì,sì,,sì,sì,sì,
Bergamo,Bariano,no,no,,sì,,,
Bergamo,Bergamo,sì,sì,,,,,sì
Bergamo,Calusco d'Adda,no,sì,,,,sì,
Bergamo,Caravaggio,no,sì,,,sì,sì,
Bergamo,Clusone,no,sì,,sì,sì,sì,
Bergamo,Curno,no,sì,,,sì,sì,
Bergamo,Dalmine,no,sì,,,sì,sì,sì
Bergamo,Gazzaniga,no,sì,,,sì,,
Bergamo,Grassobbio,no,sì,,,sì,sì,
Bergamo,Medolago,no,in parte,,,sì,sì,
Bergamo,Nembro,no,sì,,,sì,sì,
Bergamo,Osio Sotto,no,sì,,,sì,sì,
Bergamo,Ponte San Pietro,no,sì,,,sì,sì,sì
Bergamo,Romano di Lombardia,no,sì,,sì,sì,sì,
Bergamo,Sarnico,no,sì,,,,sì,
Bergamo,Seriate,no,sì,,sì,sì,sì,
Bergamo,Trescore Balneario,no,sì,,,sì,sì,
Bergamo,Treviglio,no,sì,,sì,sì,sì,sì
Bergamo,Verdello,no,sì,,,sì,,
Bergamo,Zingonia,no,sì,,,sì,,
Bergamo,Zogno,no,sì,,,sì,sì,
Biella - Vercelli,BIELLA,sì,sì,,,sì,,
Biella - Vercelli,Borgosesia,no,sì,,,sì,,
Biella - Vercelli,Cossato,no,sì,,,sì,,
Biella - Vercelli,Gattinara,no,sì,,,sì,,
Biella - Vercelli,VERCELLI,sì,sì,,,sì,,
Biella - Vercelli,Varallo,no,sì,,,sì,,
Bologna,BOLOGNA,sì,sì,,sì,,,
Bologna,Casalecchio di Reno,no,sì,,sì,,,
Bologna,Imola,no,sì,,sì,,,
Bologna,San Giovanni in Persiceto,no,sì,,sì,,,
Bologna,San Lazzaro di Savena,no,sì,,sì,,,
Bologna e dintorni,BOLOGNA,sì,sì,,sì,sì,sì,sì
Bologna e dintorni,Calderara di Reno,no,sì,,,sì,sì,sì
Bologna e dintorni,Casalecchio di Reno,no,sì,,sì,sì,sì,sì
Bologna e dintorni,Castel Maggiore,no,sì,,,sì,sì,sì
Bologna e dintorni,Castenaso,no,sì,,,sì,sì,sì
Bologna e dintorni,Granarolo dell'Emilia,no,sì,,sì,sì,sì,
Bologna e dintorni,Granarolo nell'Emilia,no,sì,,,,sì,sì
Bologna e dintorni,San Lazzaro di Savena,no,sì,,sì,sì,sì,sì
Bologna e dintorni,Villanova,no,sì,,,sì,sì,sì
Bologna e dintorni,Zola Predosa,no,sì,,sì,sì,sì,sì
Bolzano,Appiano,no,sì,,,sì,sì,
Bolzano,Appiano sulla Strada del Vino,no,sì,,,,,sì
Bolzano,BOLZANO,sì,sì,,sì,sì,,
Bolzano,Bolzano,sì,sì,,,,sì,sì
Bolzano,Bressanone,no,sì,,sì,sì,sì,sì
Bolzano,Brunico,no,sì,,sì,sì,sì,
Bolzano,Caldaro,no,sì,,,sì,sì,
Bolzano,Laives,no,sì,,,sì,sì,sì
Bolzano,Lana,no,sì,,,sì,sì,
Bolzano,Merano,no,sì,,sì,sì,sì,sì
Bolzano,Vipiteno,no,in parte,,sì,sì,sì,
Brescia,BRESCIA,sì,sì,,sì,sì,,
Brescia,Bagnolo Mella,no,sì,,,sì,sì,
Brescia,Bedizzole,no,sì,,,,,sì
Brescia,Botticino,no,sì,,,sì,sì,
Brescia,Brescia,sì,sì,,,,sì,sì
Brescia,Chiari,no,sì,,sì,sì,sì,
Brescia,Clusane (frazione Iseo),no,sì,,,,,sì
Brescia,Concesio,no,sì,,,,,sì
Brescia,Darfo Boario Terme,no,sì,,,,,sì
Brescia,Desenzano del Garda,no,sì,,sì,sì,sì,sì
Brescia,Gardone Valtrompia,no,sì,,,,,sì
Brescia,Ghedi,no,sì,,,sì,sì,
Brescia,Gussago,no,sì,,,,,sì
Brescia,Iseo,no,sì,,,,,sì
Brescia,Lago d'Iseo,no,no,,sì,,,
Brescia,Lago di Garda - Valtenesi,no,no,,sì,,,
Brescia,Lumezzane,no,sì,,sì,sì,sì,sì
Brescia,Manerbio,no,sì,,sì,sì,sì,sì
Brescia,Mazzano,no,sì,,,,,sì
Brescia,Montichiari,no,sì,,sì,sì,sì,sì
Brescia,Nave,no,sì,,,,,sì
Brescia,Nuvolento,no,sì,,,,,sì
Brescia,Nuvolera,no,sì,,,,,sì
Brescia,Palazzolo sull'Oglio,no,sì,,sì,sì,sì,sì
Brescia,Rezzato,no,sì,,,sì,sì,sì
Brescia,Rovato,no,sì,,,,,sì
Brescia,Salò,no,sì,,sì,sì,sì,sì
Brescia,San Zeno Naviglio,no,sì,,,,,sì
Brescia,Val Camonica,no,no,,sì,,,
Brindisi,BRINDISI,sì,sì,,sì,sì,,
Brindisi,Ceglie Messapica,no,in parte,,sì,sì,,
Brindisi,Fasano,no,sì,,sì,sì,,
Brindisi,Francavilla Fontana,no,sì,,sì,sì,,
Brindisi,Mesagne,no,in parte,,sì,sì,,
Brindisi,Oria,no,in parte,,sì,sì,,
Brindisi,Ostuni,no,sì,,sì,sì,,
Brindisi,San Vito dei Normanni,no,sì,,,sì,,
Brindisi - Lecce,BRINDISI,sì,sì,,sì,,,
Brindisi - Lecce,Casarano,no,no,LE,sì,,,
Brindisi - Lecce,Fasano,no,sì,,sì,,,
Brindisi - Lecce,Francavilla Fontana,no,sì,,sì,,,
Brindisi - Lecce,Galatina,no,sì,,sì,,,
Brindisi - Lecce,LECCE,sì,sì,,sì,,,
Brindisi - Lecce,Nardò,no,sì,,sì,,,
Brindisi - Lecce,Ostuni,no,sì,,sì,,,
Cagliari,Assemini,no,sì,,,sì,sì,
Cagliari,CAGLIARI,sì,sì,,,sì,sì,
Cagliari,Capoterra,no,sì,,,sì,sì,
Cagliari,Carbonia,no,sì,,,sì,sì,
Cagliari,Elmas,no,sì,,,sì,sì,
Cagliari,Guspini,no,sì,,,sì,,
Cagliari,Iglesias,no,sì,,,sì,sì,
Cagliari,Monserrato,no,sì,,,sì,sì,
Cagliari,Muravera,no,sì,,,,sì,
Cagliari,Pula,no,sì,,,sì,sì,
Cagliari,Quartu Sant'Elena,no,sì,,,sì,sì,
Cagliari,San Sperate,no,sì,,,,sì,
Cagliari,Sanluri,no,sì,,,sì,sì,
Cagliari,Sant'Antioco,no,sì,,,,sì,
Cagliari,Sarroch,no,sì,,,,sì,
Cagliari,Selargius,no,sì,,,sì,sì,
Cagliari,Senorbì,no,sì,,,,sì,
Cagliari,Sestu,no,sì,,,sì,sì,
Cagliari,Villacidro,no,sì,,,,sì,
Cagliari - Carbonia Iglesias - Medio Campidano,Assemini,no,sì,,,,sì,
Cagliari - Carbonia Iglesias - Medio Campidano,CAGLIARI,sì,sì,,,,sì,sì
Cagliari - Carbonia Iglesias - Medio Campidano,Capoterra,no,sì,,,,sì,
Cagliari - Carbonia Iglesias - Medio Campidano,Carbonia,no,sì,,,,sì,sì
Cagliari - Carbonia Iglesias - Medio Campidano,Elmas,no,sì,,,,sì,sì
Cagliari - Carbonia Iglesias - Medio Campidano,Iglesias,no,sì,,,,sì,sì
Cagliari - Carbonia Iglesias - Medio Campidano,Monserrato,no,sì,,,,sì,sì
Cagliari - Carbonia Iglesias - Medio Campidano,Muravera,no,sì,,,,sì,sì
Cagliari - Carbonia Iglesias - Medio Campidano,Pula,no,sì,,,,sì,sì
Cagliari - Carbonia Iglesias - Medio Campidano,Quartu Sant'Elena,no,sì,,,,sì,sì
Cagliari - Carbonia Iglesias - Medio Campidano,San Sperate,no,sì,,,,sì,
Cagliari - Carbonia Iglesias - Medio Campidano,Sanluri,no,sì,,,,sì,sì
Cagliari - Carbonia Iglesias - Medio Campidano,Sant'Antioco,no,sì,,,,sì,
Cagliari - Carbonia Iglesias - Medio Campidano,Sarroch,no,sì,,,,sì,
Cagliari - Carbonia Iglesias - Medio Campidano,Selargius,no,sì,,,,sì,sì
Cagliari - Carbonia Iglesias - Medio Campidano,Senorbì,no,sì,,,,sì,
Cagliari - Carbonia Iglesias - Medio Campidano,Sestu,no,sì,,,,sì,sì
Cagliari - Carbonia Iglesias - Medio Campidano,Villacidro,no,sì,,,,sì,sì
Cagliari - Nuoro - Oristano - Sassari,Alghero,no,sì,,sì,,,
Cagliari - Nuoro - Oristano - Sassari,CAGLIARI,sì,sì,,sì,,,
Cagliari - Nuoro - Oristano - Sassari,Carbonia,no,sì,,sì,,,
Cagliari - Nuoro - Oristano - Sassari,NUORO,sì,sì,,sì,,,
Cagliari - Nuoro - Oristano - Sassari,ORISTANO,sì,sì,,sì,,,
Cagliari - Nuoro - Oristano - Sassari,Olbia,no,sì,,sì,,,
Cagliari - Nuoro - Oristano - Sassari,Porto Torres,no,sì,,sì,,,
Cagliari - Nuoro - Oristano - Sassari,Quartu Sant'Elena,no,sì,,sì,,,
Cagliari - Nuoro - Oristano - Sassari,SASSARI,sì,sì,,sì,,,
Cagliari - Oristano,Assemini,no,sì,,,sì,,
Cagliari - Oristano,CAGLIARI,sì,sì,,sì,sì,,
Cagliari - Oristano,Carbonia,no,sì,,sì,sì,,
Cagliari - Oristano,Elmas,no,sì,,,sì,,
Cagliari - Oristano,Guspini,no,sì,,,sì,,
Cagliari - Oristano,Iglesias,no,sì,,sì,sì,,
Cagliari - Oristano,Monserrato,no,sì,,,sì,,
Cagliari - Oristano,ORISTANO,sì,sì,,sì,sì,,
Cagliari - Oristano,Pula,no,sì,,,sì,,
Cagliari - Oristano,Quartu Sant'Elena,no,sì,,sì,sì,,
Caltanissetta - Enna,CALTANISSETTA,sì,sì,,sì,sì,,
Caltanissetta - Enna,ENNA,sì,sì,,sì,sì,,
Caltanissetta - Enna,Niscemi,no,sì,,,sì,,
Caltanissetta - Enna,Piazza Armerina,no,sì,,,sì,,
Campobasso - Isernia,Agnone,no,no,IS,sì,,,
Campobasso - Isernia,Bojano,no,in parte,CB,sì,sì,,
Campobasso - Isernia,CAMPOBASSO,sì,sì,,sì,sì,,
Campobasso - Isernia,Campomarino,no,in parte,CB,sì,sì,,
Campobasso - Isernia,Campomarino Lido,no,sì,,,sì,,
Campobasso - Isernia,ISERNIA,sì,sì,,sì,sì,,
Campobasso - Isernia,Larino,no,in parte,CB,sì,sì,,
Campobasso - Isernia,Montenero di Bisaccia,no,sì,,,sì,,
Campobasso - Isernia,Termoli,no,in parte,CB,sì,sì,,
Campobasso - Isernia,Venafro,no,no,IS,sì,,,
Catania,Acireale,no,sì,,sì,sì,sì,sì
Catania,Adrano,no,sì,,,,sì,sì
Catania,Biancavilla,no,sì,,,,sì,sì
Catania,CATANIA,sì,sì,,sì,sì,sì,sì
Catania,Caltagirone,no,sì,,,sì,sì,
Catania,Giarre,no,sì,,sì,sì,sì,sì
Catania,Misterbianco,no,in parte,,sì,sì,sì,sì
Catania,Paternò,no,in parte,,sì,sì,sì,sì
Catania,Riposto,no,sì,,,,sì,sì
Catania,Tremestieri Etneo,no,sì,,,,sì,
Catania,Zafferana Etnea,no,sì,,,,sì,sì
Catanzaro,CATANZARO,sì,sì,,sì,sì,,
Catanzaro,Crotone,no,sì,,sì,sì,,
Catanzaro,Lamezia Terme-Nicastro,no,sì,,sì,sì,,
Catanzaro,Soverato,no,in parte,,sì,sì,,
Catanzaro,Vibo Valentia,no,sì,,sì,sì,,
Catanzaro - Cosenza - Reggio Calabria,CATANZARO,sì,sì,,sì,,,
Catanzaro - Cosenza - Reggio Calabria,COSENZA,sì,sì,,sì,,,
Catanzaro - Cosenza - Reggio Calabria,Castrovillari,no,sì,,sì,,,
Catanzaro - Cosenza - Reggio Calabria,Crotone,no,sì,,sì,,,
Catanzaro - Cosenza - Reggio Calabria,Lamezia Terme-Nicastro,no,sì,,sì,,,
Catanzaro - Cosenza - Reggio Calabria,REGGIO CALABRIA,sì,sì,,sì,,,
Catanzaro - Cosenza - Reggio Calabria,Rossano,no,sì,,sì,,,
Catanzaro - Cosenza - Reggio Calabria,Vibo Valentia,no,sì,,sì,,,
Catanzaro - Crotone - Vibo Valentia,CATANZARO,sì,sì,,,sì,,
Catanzaro - Crotone - Vibo Valentia,CROTONE,sì,sì,,,sì,,
Catanzaro - Crotone - Vibo Valentia,Lamezia Terme-Nicastro,no,sì,,,sì,,
Catanzaro - Crotone - Vibo Valentia,Soverato,no,sì,,,sì,,
Catanzaro - Crotone - Vibo Valentia,VIBO VALENTIA,sì,sì,,,sì,,
Chieti - L'Aquila - Pescara - Teramo,Avezzano,no,sì,,sì,,,
Chieti - L'Aquila - Pescara - Teramo,CHIETI,sì,sì,,sì,,,
Chieti - L'Aquila - Pescara - Teramo,Giulianova,no,sì,,sì,,,
Chieti - L'Aquila - Pescara - Teramo,L'AQUILA,sì,sì,,sì,,,
Chieti - L'Aquila - Pescara - Teramo,Lanciano,no,sì,,sì,,,
Chieti - L'Aquila - Pescara - Teramo,PESCARA,sì,sì,,sì,,,
Chieti - L'Aquila - Pescara - Teramo,Sulmona,no,sì,,sì,,,
Chieti - L'Aquila - Pescara - Teramo,TERAMO,sì,sì,,sì,,,
Chieti - L'Aquila - Pescara - Teramo,Vasto,no,sì,,sì,,,
Chieti - Pescara,Atessa,no,sì,,,sì,,
Chieti - Pescara,CHIETI,sì,sì,,sì,sì,,
Chieti - Pescara,Francavilla,no,sì,,,sì,,
Chieti - Pescara,Francavilla al Mare,no,sì,,,sì,,
Chieti - Pescara,Lanciano,no,sì,,sì,sì,,
Chieti - Pescara,Loreto Aprutino,no,sì,,,sì,,
Chieti - Pescara,Montesilvano,no,sì,,,sì,,
Chieti - Pescara,Ortona,no,sì,,,sì,,
Chieti - Pescara,PESCARA,sì,sì,,sì,sì,,
Chieti - Pescara,Penne,no,sì,,,sì,,
Chieti - Pescara,San Salvo,no,sì,,,sì,,
Chieti - Pescara,Vasto,no,sì,,sì,sì,,
Como,COMO,sì,sì,,sì,sì,,
Como,Cabiate,no,sì,,,sì,,
Como,Calolziocorte,no,sì,,,sì,,
Como,Cantù,no,sì,,sì,sì,,
Como,Canzo,no,sì,,sì,sì,,
Como,Cermenate,no,sì,,,sì,,
Como,Erba,no,sì,,sì,sì,,
Como,Fino Mornasco,no,sì,,,sì,,
Como,Galbiate,no,sì,,,sì,,
Como,Grandate,no,sì,,sì,sì,,
Como,Lecco,no,sì,,sì,sì,,
Como,Mariano Comense,no,sì,,sì,sì,,
Como,Menaggio,no,sì,,,sì,,
Como,Merate,no,sì,,sì,sì,,
Como,Oggiono,no,sì,,,sì,,
Como,Olgiate Comasco,no,sì,,sì,sì,,
Como,Valmadrera,no,sì,,sì,sì,,
Como,Valsassina-Valvarrone,no,sì,,sì,,,
Como - Lecco,Abbadia Lariana,no,sì,,,sì,sì,
Como - Lecco,Albavilla,no,sì,,,,sì,
Como - Lecco,Albese con Cassano,no,sì,,,,sì,sì
Como - Lecco,Appiano Gentile,no,sì,,,,sì,
Como - Lecco,Arosio,no,sì,,,sì,sì,sì
Como - Lecco,Barzanò,no,sì,,,sì,sì,
Como - Lecco,Bellano,no,sì,,,sì,sì,
Como - Lecco,Brivio,no,sì,,,sì,sì,
Como - Lecco,COMO,sì,sì,,,sì,sì,sì
Como - Lecco,Cabiate,no,sì,,,,sì,
Como - Lecco,Cadorago,no,sì,,,,sì,
Como - Lecco,Calolziocorte,no,sì,,,sì,sì,sì
Como - Lecco,Cantù,no,sì,,,sì,sì,sì
Como - Lecco,Carugo,no,sì,,,sì,sì,sì
Como - Lecco,Casatenovo,no,sì,,,sì,sì,
Como - Lecco,Cermenate,no,sì,,,sì,sì,
Como - Lecco,Cernobbio,no,sì,,,sì,sì,sì
Como - Lecco,Colico,no,sì,,,sì,,
Como - Lecco,Costa Masnaga,no,sì,,,sì,sì,
Como - Lecco,Dervio,no,sì,,,sì,sì,
Como - Lecco,Dolzago,no,sì,,,sì,sì,
Como - Lecco,Erba,no,sì,,,sì,sì,sì
Como - Lecco,Fino Mornasco,no,sì,,,sì,sì,sì
Como - Lecco,Grandate,no,sì,,,sì,,
Como - Lecco,Guanzate,no,sì,,,,sì,
Como - Lecco,Inverigo,no,sì,,,sì,sì,sì
Como - Lecco,LECCO,sì,sì,,,sì,sì,sì
Como - Lecco,Lambrugo,no,sì,,,,sì,
Como - Lecco,Lambrusco,no,sì,,,sì,,
Como - Lecco,Lierna,no,sì,,,sì,sì,
Como - Lecco,Lurago d'Erba,no,sì,,,sì,sì,
Como - Lecco,Lurano d'Erba,no,sì,,,,,sì
Como - Lecco,Lurate Caccivio,no,sì,,,sì,sì,sì
Como - Lecco,Mandello del Lario,no,sì,,,sì,sì,
Como - Lecco,Mariano Comense,no,sì,,,sì,sì,sì
Como - Lecco,Menaggio,no,sì,,,sì,sì,sì
Como - Lecco,Merate,no,sì,,,sì,sì,sì
Como - Lecco,Missaglia,no,sì,,,sì,sì,
Como - Lecco,Oggiono,no,sì,,,sì,sì,sì
Como - Lecco,Olgiate Comasco,no,sì,,,sì,sì,sì
Como - Lecco,Olgiate Molgora,no,sì,,,sì,sì,sì
Como - Lecco,Olginate,no,sì,,,sì,sì,
Como - Lecco,Orsenigo,no,sì,,,,sì,
Como - Lecco,Porlezza,no,sì,,,sì,sì,sì
Como - Lecco,Valmadrera,no,sì,,,sì,sì,
Como - Lecco,Villa Guardia,no,sì,,,,sì,
Cosenza,Amantea,no,sì,,,sì,,
Cosenza,COSENZA,sì,sì,,sì,sì,,
Cosenza,Castrovillari,no,sì,,sì,sì,,
Cosenza,Rende,no,sì,,sì,sì,,
Cosenza,Rossano,no,sì,,sì,sì,,
Cosenza,Scalea,no,in parte,,sì,sì,,
Cremona,CREMONA,sì,sì,,sì,sì,,sì
Cremona,Casalmaggiore,no,sì,,sì,sì,,sì
Cremona,Castelleone,no,sì,,sì,sì,,sì
Cremona,Crema,no,sì,,sì,sì,,sì
Cremona,Pandino,no,sì,,sì,sì,,
Cremona,Piadena,no,sì,,,sì,,
Cremona,Pizzighettone,no,sì,,sì,sì,,
Cremona,Soncino,no,sì,,sì,sì,,
Cremona,Soresina,no,sì,,sì,sì,,sì
Cuneo,Alba,no,sì,,sì,sì,,sì
Cuneo,Borgo San Dalmazzo,no,sì,,sì,sì,,sì
Cuneo,Boves,no,sì,,sì,sì,,sì
Cuneo,Bra,no,sì,,sì,sì,,sì
Cuneo,Busca,no,sì,,,sì,,sì
Cuneo,CUNEO,sì,sì,,sì,sì,,sì
Cuneo,Carrù,no,sì,,,,,sì
Cuneo,Cavallermaggiore,no,sì,,,sì,,
Cuneo,Ceva,no,sì,,sì,sì,,sì
Cuneo,Cherasco,no,sì,,,,,sì
Cuneo,Cherasso,no,sì,,sì,sì,,
Cuneo,Dogliani,no,sì,,sì,sì,,sì
Cuneo,Dronero,no,sì,,,sì,,sì
Cuneo,Fossano,no,sì,,sì,sì,,sì
Cuneo,Mondovì,no,sì,,sì,sì,,sì
Cuneo,Racconigi,no,sì,,sì,sì,,sì
Cuneo,Saluzzo,no,sì,,sì,sì,,sì
Cuneo,Savigliano,no,sì,,sì,sì,,sì
Cuneo,Sommariva del Bosco,no,sì,,,sì,,
Enna - Ragusa - Siracusa,Augusta,no,no,SR,sì,,,
Enna - Ragusa - Siracusa,ENNA,sì,sì,,sì,,,
Enna - Ragusa - Siracusa,Marina di Ragusa,no,no,RG,sì,,,
Enna - Ragusa - Siracusa,RAGUSA,sì,sì,,sì,,,
Enna - Ragusa - Siracusa,SIRACUSA,sì,sì,,sì,,,
Ferrara,Argenta,no,sì,,sì,sì,sì,sì
Ferrara,Bondeno,no,sì,,,sì,sì,sì
Ferrara,Cento,no,sì,,sì,sì,sì,
Ferrara,Codigoro,no,sì,,sì,sì,sì,sì
Ferrara,Comacchio,no,sì,,sì,sì,sì,sì
Ferrara,Copparo,no,sì,,,sì,sì,sì
Ferrara,FERRARA,sì,sì,,sì,sì,sì,sì
Ferrara,Le Valli di Comacchio,no,no,,sì,,,
Ferrara,Lidi Comacchiesi,no,sì,,sì,,,
Ferrara,Lidi di Pomposa,no,sì,,,sì,sì,
Ferrara,Lido degli Estensi,no,sì,,,sì,sì,sì
Ferrara,Lido delle Nazioni,no,sì,,,sì,sì,sì
Ferrara,Lido di Pomposa,no,sì,,,sì,sì,
Ferrara,Lido di Spina,no,sì,,,sì,sì,
Ferrara,Lido di Volano,no,sì,,,sì,sì,sì
Ferrara,Porto Garibaldi,no,sì,,,sì,sì,
Ferrara,Portomaggiore,no,sì,,sì,sì,sì,
Ferrara,Scacchi,no,sì,,,sì,sì,
Ferrara,degli Scacchi,no,sì,,,sì,sì,
Firenze,Bagno a Ripoli,no,sì,,,,,sì
Firenze,Empoli,no,sì,,sì,,,
Firenze,FIRENZE,sì,sì,,sì,,,sì
Firenze,Fiesole,no,sì,,,,,sì
Firenze,Impruneta,no,sì,,,,,sì
Firenze,Prato,no,sì,,sì,,,
Firenze,Scandicci,no,sì,,,,,sì
Firenze,Sesto Fiorentino,no,sì,,sì,,,sì
Firenze e comuni limitrofi,FIRENZE,sì,sì,,sì,,,
Firenze e comuni limitrofi,Scandicci,no,sì,,sì,,,
Firenze e comuni limitrofi,Sesto Fiorentino,no,sì,,sì,,,
Firenze e dintorni,Bagno a Ripoli,no,sì,,,sì,sì,sì
Firenze e dintorni,FIRENZE,sì,sì,,sì,sì,sì,sì
Firenze e dintorni,Fiesole,no,sì,,,sì,sì,sì
Firenze e dintorni,Impruneta,no,sì,,,sì,sì,
Firenze e dintorni,Osmannoro,no,sì,,,,sì,
Firenze e dintorni,Scandicci,no,sì,,sì,sì,sì,sì
Firenze e dintorni,Sesto Fiorentino,no,sì,,sì,sì,sì,sì
Foggia,Cerignola,no,sì,,sì,sì,,
Foggia,FOGGIA,sì,sì,,sì,sì,,
Foggia,Lucera,no,sì,,sì,sì,,
Foggia,Manfredonia,no,sì,,sì,sì,,
Foggia,San Severo,no,sì,,sì,sì,,
Foggia,Vieste,no,sì,,,sì,,
Forlì - Cesena - Rimini - San Marino,Cesena,no,sì,,,sì,,
Forlì - Cesena - Rimini - San Marino,Cesenatico,no,sì,,,sì,,
Forlì - Cesena - Rimini - San Marino,FORLÌ,sì,sì,,,sì,,
Forlì - Cesena - Rimini - San Marino,REPUBBLICA DI SAN MARINO,sì,sì,,,sì,,
Forlì - Cesena - Rimini - San Marino,RICCIONE,sì,sì,,,sì,,
Forlì - Cesena - Rimini - San Marino,RIMINI,sì,sì,,,sì,,
Forlì - San Marino,Cesena,no,sì,,sì,sì,,
Forlì - San Marino,Cesenatico,no,sì,,,sì,,
Forlì - San Marino,FORLÌ,sì,sì,,sì,sì,,
Forlì - San Marino,REPUBBLICA DI SAN MARINO,sì,sì,,sì,sì,,
Forlì - San Marino,Riccione,no,sì,,sì,sì,,
Forlì - San Marino,Rimini,no,sì,,sì,sì,,
Frosinone,Cassino,no,sì,,sì,sì,,
Frosinone,FROSINONE,sì,sì,,sì,sì,,
Frosinone,Fiuggi,no,sì,,sì,sì,,
Frosinone,Sora,no,sì,,,sì,,
Frosinone - Latina,Cassino,no,sì,,sì,,,
Frosinone - Latina,FROSINONE,sì,sì,,sì,,,
Frosinone - Latina,Fiuggi,no,sì,,sì,,,
Frosinone - Latina,Fondi,no,sì,,sì,,,
Frosinone - Latina,Formia,no,sì,,sì,,,
Frosinone - Latina,Gaeta,no,sì,,sì,,,
Frosinone - Latina,LATINA,sì,sì,,sì,,,
Frosinone - Latina,Terracina,no,sì,,sì,,,
Genova,Arenzano,no,sì,,,sì,sì,sì
Genova,Busalla,no,in parte,,sì,sì,sì,
Genova,Camogli,no,no,,sì,,,
Genova,Chiavari,no,sì,,sì,sì,sì,sì
Genova,Cogoleto,no,sì,,,sì,,
Genova,GENOVA,sì,sì,,sì,sì,sì,sì
Genova,Rapallo,no,sì,,sì,sì,sì,sì
Genova,Recco,no,sì,,sì,sì,sì,sì
Genova,Santa Margherita Ligure,no,sì,,sì,sì,sì,sì
Genova,Sestri Levante,no,in parte,,sì,sì,sì,sì
Gorizia - Pordenone - Udine,Cervignano,no,sì,,sì,,,
Gorizia - Pordenone - Udine,Cividale,no,sì,,sì,,,
Gorizia - Pordenone - Udine,GORIZIA,sì,sì,,sì,,,
Gorizia - Pordenone - Udine,Manzano,no,sì,,sì,,,
Gorizia - Pordenone - Udine,Monfalcone,no,sì,,sì,,,
Gorizia - Pordenone - Udine,PORDENONE,sì,sì,,sì,,,
Gorizia - Pordenone - Udine,Sacile,no,sì,,sì,,,
Gorizia - Pordenone - Udine,UDINE,sì,sì,,sì,,,
Gorizia - Trieste,Cormons,no,sì,,,sì,sì,sì
Gorizia - Trieste,GORIZIA,sì,sì,,sì,sì,sì,sì
Gorizia - Trieste,Gradisca d'Isonzo,no,sì,,,sì,sì,
Gorizia - Trieste,Grado,no,sì,,sì,,,
Gorizia - Trieste,Monfalcone,no,sì,,sì,sì,sì,sì
Gorizia - Trieste,Muggia,no,sì,,,sì,sì,
Gorizia - Trieste,Ronchi dei Legionari,no,sì,,,sì,sì,
Gorizia - Trieste,Staranzano,no,sì,,,,sì,
Gorizia - Trieste,TRIESTE,sì,sì,,sì,sì,sì,sì
Gorizia - Trieste,Zona Industriale Noghere-Ospo,no,sì,,,,sì,
Grosseto,Castiglione della Pescaia,no,sì,,sì,sì,,
Grosseto,Follonica,no,sì,,sì,sì,,
Grosseto,GROSSETO,sì,sì,,sì,sì,,
Grosseto,Marina di Grosseto,no,sì,,,sì,,
Grosseto,Massa Marittima,no,in parte,,sì,sì,,
Grosseto,Orbetello,no,sì,,sì,sì,,
Grosseto,Porto Ercole,no,in parte,,sì,sì,,
Grosseto,Porto Santo Stefano,no,in parte,,sì,sì,,
Grosseto,Principina a Mare,no,sì,,,sì,,
Imperia,Arma di Taggia,no,sì,,,sì,,
Imperia,Bordighera,no,in parte,,sì,sì,,
Imperia,Diano Marina,no,sì,,,sì,,
Imperia,IMPERIA,sì,sì,,sì,sì,,
Imperia,Ospedaletti,no,sì,,,sì,,
Imperia,San Bartolomeo,no,sì,,,sì,,
Imperia,San Bartolomeo al Mare,no,sì,,,sì,,
Imperia,Sanremo,no,sì,,sì,sì,,
Imperia,Taggia,no,sì,,,sì,,
Imperia,Ventimiglia,no,sì,,sì,sì,,
Imperia - Savona,Alassio,no,sì,,sì,,,
Imperia - Savona,Albenga,no,sì,,sì,,,
Imperia - Savona,Finale Ligure,no,sì,,sì,,,
Imperia - Savona,IMPERIA,sì,sì,,sì,,,
Imperia - Savona,Loano,no,sì,,sì,,,
Imperia - Savona,SAVONA,sì,sì,,sì,,,
Imperia - Savona,Sanremo,no,sì,,sì,,,
Imperia - Savona,Ventimiglia,no,sì,,sì,,,
L'Aquila - Teramo,Alba Adriatica,no,sì,,,sì,,
L'Aquila - Teramo,Atri,no,sì,,,sì,,
L'Aquila - Teramo,Avezzano,no,sì,,sì,sì,,
L'Aquila - Teramo,Campli,no,sì,,,sì,,
L'Aquila - Teramo,Capistrello,no,sì,,,sì,,
L'Aquila - Teramo,Celano,no,sì,,,sì,,
L'Aquila - Teramo,Giulianova,no,sì,,sì,sì,,
L'Aquila - Teramo,L'AQUILA,sì,sì,,sì,sì,,
L'Aquila - Teramo,Martinsicuro,no,sì,,,sì,,
L'Aquila - Teramo,Montorio al Vomano,no,sì,,,sì,,
L'Aquila - Teramo,Roseto degli Abruzzi,no,sì,,,sì,,
L'Aquila - Teramo,San Nicolò a Tordino,no,sì,,,sì,,
L'Aquila - Teramo,Sulmona,no,sì,,sì,sì,,
L'Aquila - Teramo,TERAMO,sì,sì,,sì,sì,,
L'Aquila - Teramo,Tagliacozzo,no,sì,,,sì,,
L'Aquila - Teramo,Tortoreto Lido,no,sì,,,sì,,
La Spezia,LA SPEZIA,sì,sì,,sì,sì,,
La Spezia,Lerici,no,sì,,sì,sì,,
La Spezia,Sarzana,no,sì,,sì,sì,,
Latina,Fondi,no,sì,,sì,sì,,
Latina,Formia,no,sì,,sì,sì,,
Latina,Gaeta,no,sì,,sì,sì,,
Latina,LATINA,sì,sì,,sì,sì,,
Latina,Terracina,no,sì,,sì,sì,,
Lecce,Campi Salentina,no,sì,,,sì,sì,
Lecce,Casarano,no,in parte,,sì,sì,sì,
Lecce,Copertino,no,sì,,,sì,sì,
Lecce,Galatina,no,sì,,sì,sì,sì,
Lecce,Galatone,no,sì,,sì,sì,sì,
Lecce,Gallipoli,no,in parte,,sì,sì,sì,
Lecce,LECCE,sì,sì,,sì,sì,,
Lecce,Lecce,sì,sì,,,,sì,
Lecce,Maglie,no,in parte,,sì,sì,sì,
Lecce,Nardò,no,sì,,sì,sì,sì,
Lecce,Squinzano,no,sì,,,sì,sì,
Lecce,Tricase,no,sì,,,sì,sì,
Lecce,Tuglie,no,sì,,,sì,sì,
Lecce,Veglie,no,sì,,,sì,sì,
Livorno,Castiglioncello,no,in parte,LI,sì,sì,,
Livorno,Cecina,no,in parte,LI,sì,sì,,
Livorno,Isola d'Elba,no,sì,,sì,sì,,
Livorno,LIVORNO,sì,sì,,sì,sì,,
Livorno,Piombino,no,in parte,LI,sì,sì,,
Livorno,Portoferraio,no,sì,,,sì,,
Livorno,Rosignano Solvay,no,in parte,LI,sì,sì,,
Livorno - Pisa,Castiglioncello,no,no,LI,sì,,,
Livorno - Pisa,Cecina,no,no,LI,sì,,,
Livorno - Pisa,Isola d'Elba,no,sì,,sì,,,
Livorno - Pisa,LIVORNO,sì,sì,,sì,,,
Livorno - Pisa,PISA,sì,sì,,sì,,,
Livorno - Pisa,Piombino,no,no,LI,sì,,,
Livorno - Pisa,Pontedera,no,sì,,sì,,,
Livorno - Pisa,Rosignano Solvay,no,no,LI,sì,,,
Lodi - Provincia di Milano,Abbiategrasso,no,sì,,,sì,,
Lodi - Provincia di Milano,Agrate Brianza,no,sì,,,sì,,
Lodi - Provincia di Milano,Arcore,no,sì,,,sì,,
Lodi - Provincia di Milano,Arese,no,sì,,,sì,,
Lodi - Provincia di Milano,Bareggio,no,sì,,,sì,,
Lodi - Provincia di Milano,Barlassina,no,sì,,,sì,,
Lodi - Provincia di Milano,Biassono,no,sì,,,sì,,
Lodi - Provincia di Milano,Binasco,no,sì,,,sì,,
Lodi - Provincia di Milano,Bovisio Masciago,no,sì,,,sì,,
Lodi - Provincia di Milano,Brugherio,no,sì,,,sì,,
Lodi - Provincia di Milano,Carate Brianza,no,sì,,,sì,,
Lodi - Provincia di Milano,Carugate,no,sì,,,sì,,
Lodi - Provincia di Milano,Casalpusterlengo,no,sì,,,sì,,
Lodi - Provincia di Milano,Cassina De' Pecchi,no,sì,,,sì,,
Lodi - Provincia di Milano,Castano Primo,no,sì,,,sì,,
Lodi - Provincia di Milano,Cernusco sul Naviglio,no,sì,,,sì,,
Lodi - Provincia di Milano,Cesano Maderno,no,sì,,,sì,,
Lodi - Provincia di Milano,Codogno,no,sì,,,sì,,
Lodi - Provincia di Milano,Concorezzo,no,sì,,,sì,,
Lodi - Provincia di Milano,Corbetta,no,sì,,,sì,,
Lodi - Provincia di Milano,Cornaredo,no,sì,,,sì,,
Lodi - Provincia di Milano,Cusago,no,sì,,,sì,,
Lodi - Provincia di Milano,Desio,no,sì,,,sì,,
Lodi - Provincia di Milano,Garbagnate,no,sì,,,sì,,
Lodi - Provincia di Milano,Garbagnate Milanese,no,sì,,,sì,,
Lodi - Provincia di Milano,Giussano,no,sì,,,sì,,
Lodi - Provincia di Milano,Gorgonzola,no,sì,,,sì,,
Lodi - Provincia di Milano,Inzago,no,sì,,,sì,,
Lodi - Provincia di Milano,LODI,sì,sì,,,sì,,
Lodi - Provincia di Milano,Lainate,no,sì,,,sì,,
Lodi - Provincia di Milano,Legnano,no,sì,,,sì,,
Lodi - Provincia di Milano,Lentate sul Seveso,no,sì,,,sì,,
Lodi - Provincia di Milano,Limbiate,no,sì,,,sì,,
Lodi - Provincia di Milano,Lissone,no,sì,,,sì,,
Lodi - Provincia di Milano,Magenta,no,sì,,,sì,,
Lodi - Provincia di Milano,Meda,no,sì,,,sì,,
Lodi - Provincia di Milano,Melegnano,no,sì,,,sì,,
Lodi - Provincia di Milano,Melzo,no,sì,,,sì,,
Lodi - Provincia di Milano,Monza,no,sì,,,sì,,
Lodi - Provincia di Milano,Muggiò,no,sì,,,sì,,
Lodi - Provincia di Milano,Nerviano,no,sì,,,sì,,
Lodi - Provincia di Milano,Nova Milanese,no,sì,,,sì,,
Lodi - Provincia di Milano,Paderno Dugnano,no,sì,,,sì,,
Lodi - Provincia di Milano,Parabiago,no,sì,,,sì,,
Lodi - Provincia di Milano,Paullo,no,sì,,,sì,,
Lodi - Provincia di Milano,Pieve Emanuele,no,sì,,,sì,,
Lodi - Provincia di Milano,Pioltello,no,sì,,,sì,,
Lodi - Provincia di Milano,Rho,no,sì,,,sì,,
Lodi - Provincia di Milano,San Giuliano Milanese,no,sì,,,sì,,
Lodi - Provincia di Milano,Sant'Angelo Lodigiano,no,sì,,,sì,,
Lodi - Provincia di Milano,Senago,no,sì,,,sì,,
Lodi - Provincia di Milano,Seregno,no,sì,,,sì,,
Lodi - Provincia di Milano,Seveso,no,sì,,,sì,,
Lodi - Provincia di Milano,Trezzo sull'Adda,no,sì,,,sì,,
Lodi - Provincia di Milano,Turbigo,no,sì,,,sì,,
Lodi - Provincia di Milano,Varedo,no,sì,,,sì,,
Lodi - Provincia di Milano,Villasanta,no,sì,,,sì,,
Lodi - Provincia di Milano,Vimercate,no,sì,,,sì,,
Lodi - Provincia di Milano Sud,Abbiategrasso,no,sì,,,,sì,
Lodi - Provincia di Milano Sud,Bareggio,no,sì,,,,sì,
Lodi - Provincia di Milano Sud,Basiglio,no,sì,,,,sì,
Lodi - Provincia di Milano Sud,Binasco,no,sì,,,,sì,
Lodi - Provincia di Milano Sud,Carugate,no,sì,,,,sì,
Lodi - Provincia di Milano Sud,Casorate Primo,no,sì,PV,,,sì,
Lodi - Provincia di Milano Sud,Cassina de' Pecchi,no,sì,,,,sì,sì
Lodi - Provincia di Milano Sud,Castelpusterlengo,no,sì,,,,sì,
Lodi - Provincia di Milano Sud,Cernusco sul Naviglio,no,sì,,,,sì,sì
Lodi - Provincia di Milano Sud,Codogno,no,sì,,,,sì,sì
Lodi - Provincia di Milano Sud,Corbetta,no,sì,,,,sì,
Lodi - Provincia di Milano Sud,Cusago,no,sì,,,,sì,
Lodi - Provincia di Milano Sud,Gorgonzola,no,sì,,,,sì,
Lodi - Provincia di Milano Sud,Inzago,no,sì,,,,sì,sì
Lodi - Provincia di Milano Sud,LODI,sì,sì,,,,sì,
Lodi - Provincia di Milano Sud,Lodi,sì,sì,,,,,sì
Lodi - Provincia di Milano Sud,Magenta,no,sì,,,,sì,sì
Lodi - Provincia di Milano Sud,Melegnano,no,sì,,,,sì,
Lodi - Provincia di Milano Sud,Melzo,no,sì,,,,sì,sì
Lodi - Provincia di Milano Sud,Paullo,no,sì,,,,sì,
Lodi - Provincia di Milano Sud,Pieve Emanuele,no,sì,,,,sì,sì
Lodi - Provincia di Milano Sud,Pioltello,no,sì,,,,sì,sì
Lodi - Provincia di Milano Sud,San Giuliano Milanese,no,sì,,,,sì,sì
Lodi - Provincia di Milano Sud,Sant'Angelo Lodigiano,no,sì,,,,sì,
Lodi - Provincia di Milano Sud,Trezzo sull'Adda,no,sì,,,,sì,
Lodi - Provincia di Milano Sud,Zibido San Giacomo,no,sì,,,,sì,
Lucca - Massa - Carrara,Altopascio,no,in parte,LU,sì,sì,sì,
Lucca - Massa - Carrara,Avenza,no,sì,,,sì,,
Lucca - Massa - Carrara,Avenza e Marina di Carrara,no,sì,,,,sì,
Lucca - Massa - Carrara,CARRARA,sì,sì,,sì,sì,,
Lucca - Massa - Carrara,Carrara,sì,sì,,,,sì,sì
Lucca - Massa - Carrara,Forte dei Marmi,no,in parte,LU,sì,sì,sì,
Lucca - Massa - Carrara,LUCCA,sì,sì,,sì,sì,,
Lucca - Massa - Carrara,Lido di Camaiore,no,sì,,,,sì,
Lucca - Massa - Carrara,Lido di camaiore,no,sì,,,sì,,
Lucca - Massa - Carrara,Lucca,sì,sì,,,,sì,sì
Lucca - Massa - Carrara,MASSA,sì,sì,,sì,sì,,
Lucca - Massa - Carrara,Marina di Carrara,no,sì,,,sì,,
Lucca - Massa - Carrara,Marina di MAssa,no,no,MS,sì,,,
Lucca - Massa - Carrara,Marina di Massa,no,sì,,,sì,sì,
Lucca - Massa - Carrara,Marina di Pietrasanta,no,sì,,,sì,sì,
Lucca - Massa - Carrara,Massa,sì,sì,,,,sì,sì
Lucca - Massa - Carrara,Montignoso,no,sì,,,sì,sì,
Lucca - Massa - Carrara,Montignoso (Località Cinquale),no,sì,,,sì,,
Lucca - Massa - Carrara,Pietrasanta,no,sì,,,sì,sì,
Lucca - Massa - Carrara,Viareggio,no,sì,,sì,sì,sì,
Macerata,Civitanova Marche,no,sì,,sì,sì,,
Macerata,MACERATA,sì,sì,,sì,sì,,
Macerata,Tolentino,no,sì,,sì,sì,,
Mantova,Asola,no,sì,,,,,sì
Mantova,Castel Goffredo,no,sì,,,,,sì
Mantova,Castelgoffredo,no,sì,,,sì,,
Mantova,Castiglione delle Stiviere,no,sì,,sì,sì,,sì
Mantova,Curtatone,no,sì,,,,,sì
Mantova,Levata (frazione di Curtatone),no,sì,,,,,sì
Mantova,MANTOVA,sì,sì,,sì,sì,,
Mantova,Mantova,sì,sì,,,,,sì
Mantova,Ostiglia,no,no,,sì,,,
Mantova,Suzzara,no,sì,,sì,sì,,sì
Mantova,Viadana,no,sì,,sì,sì,,sì
Mantova,Virgilio,no,sì,,,,,sì
Matera - Potenza,MATERA,sì,sì,,sì,sì,,
Matera - Potenza,POTENZA,sì,sì,,sì,sì,,
Matera - Potenza,Policoro,no,in parte,MT,sì,sì,,
Messina,Barcellona Pozzo di Gotto,no,sì,,sì,sì,,
Messina,Capo d'Orlando,no,in parte,,sì,sì,,
Messina,Caprileone,no,no,,sì,,,
Messina,Castell'Umberto,no,no,,sì,,,
Messina,Giardini Naxos,no,sì,,,sì,,
Messina,MESSINA,sì,sì,,sì,sì,,
Messina,Milazzo,no,sì,,sì,sì,,
Messina,Patti,no,sì,,,sì,,
Messina,Rocca di Caprileone,no,no,,sì,,,
Messina,Sant'Agata di Militello,no,sì,,,sì,,
Messina,Taormina,no,sì,,sì,sì,,
Milano,Assago,no,sì,,,,,sì
Milano,Cinisello Balsamo,no,sì,,,,,sì
Milano,Cologno Monzese,no,sì,,,,,sì
Milano,Corsico,no,sì,,,,,sì
Milano,MILANO,sì,sì,,,,,sì
Milano e comuni limitrofi,Assago,no,sì,,sì,,,
Milano e comuni limitrofi,Bollate,no,sì,,sì,,,
Milano e comuni limitrofi,Bresso,no,sì,,sì,,,
Milano e comuni limitrofi,Buccinasco,no,sì,,sì,,,
Milano e comuni limitrofi,Cesano Boscone,no,sì,,sì,,,
Milano e comuni limitrofi,Cinisello Balsamo,no,sì,,sì,,,
Milano e comuni limitrofi,Cologno Monzese,no,sì,,sì,,,
Milano e comuni limitrofi,Cormano,no,sì,,sì,,,
Milano e comuni limitrofi,Corsico,no,sì,,sì,,,
Milano e comuni limitrofi,Cusano Milanino,no,sì,,sì,,,
Milano e comuni limitrofi,MILANO,sì,sì,,sì,,,
Milano e comuni limitrofi,Novate Milanese,no,sì,,sì,,,
Milano e comuni limitrofi,Opera,no,sì,,sì,,,
Milano e comuni limitrofi,Pero,no,sì,,sì,,,
Milano e comuni limitrofi,Peschiera Borromeo,no,sì,,sì,,,
Milano e comuni limitrofi,Rozzano,no,sì,,sì,,,
Milano e comuni limitrofi,San Donato Milanese,no,sì,,sì,,,
Milano e comuni limitrofi,Segrate,no,sì,,sì,,,
Milano e comuni limitrofi,Sesto San Giovanni,no,sì,,sì,,,
Milano e comuni limitrofi,Settimo Milanese,no,sì,,sì,,,
Milano e comuni limitrofi,Trezzano sul Naviglio,no,sì,,sì,,,
Milano e comuni limitrofi,Vimodrone,no,sì,,sì,,,
Milano e dintorni,Assago,no,sì,,sì,sì,sì,
Milano e dintorni,Baranzate,no,sì,,,,sì,
Milano e dintorni,Basiglio,no,no,,sì,,,
Milano e dintorni,Bollate,no,sì,,sì,sì,sì,sì
Milano e dintorni,Bresso,no,sì,,sì,sì,sì,
Milano e dintorni,Buccinasco,no,sì,,sì,sì,sì,sì
Milano e dintorni,Cesano Boscone,no,sì,,sì,sì,sì,
Milano e dintorni,Cinisello Balsamo,no,sì,,sì,sì,sì,
Milano e dintorni,Cologno Monzese,no,sì,,sì,sì,sì,
Milano e dintorni,Cormano,no,sì,,sì,sì,sì,
Milano e dintorni,Corsico,no,sì,,sì,sì,sì,sì
Milano e dintorni,Cusano Milanino,no,sì,,sì,sì,sì,
Milano e dintorni,MILANO,sì,sì,,sì,sì,sì,sì
Milano e dintorni,Novate Milanese,no,sì,,sì,sì,sì,sì
Milano e dintorni,Opera,no,sì,,sì,sì,sì,
Milano e dintorni,Pero,no,sì,,sì,sì,sì,sì
Milano e dintorni,Peschiera Borromeo,no,sì,,sì,sì,sì,sì
Milano e dintorni,Rozzano,no,sì,,sì,sì,sì,sì
Milano e dintorni,San Donato Milanese,no,sì,,sì,sì,sì,sì
Milano e dintorni,Segrate,no,sì,,sì,sì,sì,
Milano e dintorni,Sesto San Giovanni,no,sì,,sì,sì,sì,sì
Milano e dintorni,Settimo Milanese,no,sì,,sì,sì,sì,sì
Milano e dintorni,Trezzano sul Naviglio,no,sì,,sì,sì,sì,
Milano e dintorni,Vimodrone,no,sì,,sì,sì,sì,
Modena,Bomporto,no,sì,,,,,sì
Modena,Campogalliano,no,sì,,,,sì,
Modena,Carpi,no,sì,,sì,sì,sì,sì
Modena,Castelfranco Emilia,no,sì,,,sì,sì,sì
Modena,Castellarano,no,in parte,,sì,,,
Modena,Castelnuovo Rangone,no,in parte,,sì,sì,sì,sì
Modena,Finale Emilia,no,sì,,,sì,sì,sì
Modena,Fiorano Modenese,no,sì,,sì,sì,sì,sì
Modena,Formigine,no,sì,,sì,sì,sì,sì
Modena,MODENA,sì,sì,,sì,sì,sì,
Modena,Maranello,no,in parte,,sì,sì,sì,sì
Modena,Mirandola,no,in parte,,sì,sì,sì,sì
Modena,Modena,sì,sì,,,,,sì
Modena,Nonantola,no,sì,,,,sì,sì
Modena,Pavullo,no,no,,sì,,,
Modena,Pavullo nel Frignano,no,sì,,,sì,sì,sì
Modena,Sassuolo,no,sì,,sì,sì,sì,sì
Modena,Soliera,no,in parte,,sì,sì,sì,sì
Modena,Spilamberto,no,sì,,sì,sì,sì,sì
Modena,Vignola,no,sì,,sì,sì,sì,sì
Monza e Brianza - Provincia di Milano Nord,Agrate Brianza,no,sì,,,,,sì
Monza e Brianza - Provincia di Milano Nord,Brugherio,no,sì,,,,,sì
Monza e Brianza - Provincia di Milano Nord,Cesano Maderno,no,sì,,,,,sì
Monza e Brianza - Provincia di Milano Nord,Legnano,no,sì,,,,,sì
Monza e Brianza - Provincia di Milano Nord,Limbiate,no,sì,,,,,sì
Monza e Brianza - Provincia di Milano Nord,Lissone,no,sì,,,,,sì
Monza e Brianza - Provincia di Milano Nord,MONZA,sì,sì,,,,,sì
Monza e Brianza - Provincia di Milano Nord,Rho,no,sì,,,,,sì
Monza e Brianza - Provincia di Milano Nord,Seregno,no,sì,,,,,sì
Monza e Brianza - Provincia di Milano Nord,Vimercate,no,sì,,,,,sì
Napoli,Casoria,no,sì,,,,,sì
Napoli,Ercolano,no,sì,,,,,sì
Napoli,NAPOLI,sì,sì,,,,,sì
Napoli e comuni limitrofi,Arzano,no,sì,,sì,,,
Napoli e comuni limitrofi,NAPOLI,sì,sì,,sì,,,
Napoli e comuni limitrofi,Portici,no,sì,,sì,,,
Napoli e comuni limitrofi,San Giorgio a Cremano,no,sì,,sì,,,
Napoli e dintorni,Arzano,no,sì,,sì,sì,sì,
Napoli e dintorni,Casoria,no,sì,,,sì,sì,
Napoli e dintorni,Ercolano,no,sì,,,sì,sì,
Napoli e dintorni,Marano di Napoli,no,sì,,,,sì,
Napoli e dintorni,NAPOLI,sì,sì,,sì,sì,sì,
Napoli e dintorni,Portici,no,sì,,sì,sì,sì,
Napoli e dintorni,Pozzuoli,no,in parte,,,,sì,
Napoli e dintorni,San Giorgio a Cremano,no,sì,,sì,sì,sì,
Novara,Arona,no,sì,,sì,sì,,
Novara,Bellinzago,no,sì,,,sì,,
Novara,Borgomanero,no,sì,,sì,sì,,
Novara,Cameri,no,sì,,,sì,,
Novara,Domodossola,no,sì,,sì,sì,,
Novara,Galliate,no,sì,,sì,sì,,
Novara,Gravellona Toce,no,sì,,sì,sì,,
Novara,Intra,no,no,,sì,,,
Novara,NOVARA,sì,sì,,sì,sì,,
Novara,Oleggio,no,sì,,sì,sì,,
Novara,Omegna,no,sì,,sì,sì,,
Novara,Trecate,no,sì,,sì,sì,,
Novara,Verbania,no,sì,,sì,sì,,
Novara,Zona Laghi,no,in parte,,sì,sì,,
Novara - Verbano Cusio Ossola,Arona,no,sì,,,sì,,
Novara - Verbano Cusio Ossola,Bellinzago,no,sì,,,sì,,
Novara - Verbano Cusio Ossola,Borgomanero,no,sì,,,sì,,
Novara - Verbano Cusio Ossola,Cameri,no,sì,,,sì,,
Novara - Verbano Cusio Ossola,Domodossola,no,sì,,,sì,,
Novara - Verbano Cusio Ossola,Galliate,no,sì,,,sì,,
Novara - Verbano Cusio Ossola,Gravellona Toce,no,sì,,,sì,,
Novara - Verbano Cusio Ossola,NOVARA,sì,sì,,,sì,,
Novara - Verbano Cusio Ossola,Oleggio,no,sì,,,sì,,
Novara - Verbano Cusio Ossola,Omegna,no,sì,,,sì,,
Novara - Verbano Cusio Ossola,Trecate,no,sì,,,sì,,
Novara - Verbano Cusio Ossola,VERBANIA,sì,sì,,,sì,,
Nuoro - Sassari,Alghero,no,sì,,sì,sì,,
Nuoro - Sassari,La Maddalena,no,sì,,,sì,,
Nuoro - Sassari,Macomer,no,sì,,,sì,,
Nuoro - Sassari,NUORO,sì,sì,,sì,sì,,
Nuoro - Sassari,Olbia,no,sì,,sì,sì,,
Nuoro - Sassari,Porto Torres,no,sì,,sì,sì,,
Nuoro - Sassari,SASSARI,sì,sì,,sì,sì,,
Nuoro - Sassari,Tempio Pausania,no,sì,,,sì,,
Padova,Abano Terme,no,sì,,sì,sì,,
Padova,Albano Terme,no,sì,,,sì,,
Padova,Albignasego,no,sì,,,sì,,
Padova,Battaglia Terme,no,sì,,,sì,,
Padova,Cadoneghe,no,sì,,,sì,,
Padova,Camposampiero,no,sì,,,sì,,
Padova,Cittadella,no,sì,,sì,sì,,
Padova,Este,no,sì,,sì,sì,,
Padova,Legnaro,no,sì,,,sì,,
Padova,Monselice,no,sì,,sì,sì,,
Padova,Montagnana,no,sì,,sì,sì,,
Padova,Montegrotto Terme,no,sì,,,sì,,
Padova,PADOVA,sì,sì,,sì,sì,,
Padova,Piove di Sacco,no,sì,,sì,sì,,
Padova,Rubano,no,sì,,,sì,,
Padova,Selvazzano Dentro,no,sì,,,sì,,
Padova,Vigonza,no,sì,,,sì,,
Padova - Rovigo,Abano Terme,no,sì,,sì,,,
Padova - Rovigo,Adria,no,sì,,sì,,,
Padova - Rovigo,Cittadella,no,sì,,sì,,,
Padova - Rovigo,Este,no,sì,,sì,,,
Padova - Rovigo,Monselice,no,sì,,sì,,,
Padova - Rovigo,Montagnana,no,sì,,sì,,,
Padova - Rovigo,PADOVA,sì,sì,,sì,,,
Padova - Rovigo,Piove di Sacco,no,sì,,sì,,,
Padova - Rovigo,ROVIGO,sì,sì,,sì,,,
Palermo,Bagheria,no,sì,,sì,sì,sì,sì
Palermo,Carini,no,sì,,,sì,sì,
Palermo,Cefalù,no,sì,,sì,sì,sì,
Palermo,Cinisi,no,sì,,,,,sì
Palermo,Corleone,no,sì,,,,sì,sì
Palermo,Isola delle Femmine,no,sì,,,,,sì
Palermo,Monreale,no,sì,,,sì,sì,
Palermo,PALERMO,sì,sì,,sì,sì,sì,sì
Palermo,Partinico,no,sì,,,sì,sì,
Palermo,Termini Imerese,no,sì,,sì,sì,sì,sì
Parma,Collecchio,no,in parte,,sì,sì,sì,
Parma,Colorno,no,sì,,,sì,sì,sì
Parma,Felino,no,in parte,,sì,sì,sì,sì
Parma,Fidenza,no,sì,,sì,sì,sì,sì
Parma,Fontanellato,no,sì,,,sì,sì,
Parma,Fornovo di Taro,no,sì,,,sì,sì,
Parma,Langhirano,no,sì,,,sì,sì,sì
Parma,Noceto,no,sì,,,sì,sì,
Parma,PARMA,sì,sì,,sì,sì,,
Parma,Parma,sì,sì,,,,sì,sì
Parma,Pilastro,no,sì,,,,,sì
Parma,Sala Baganza,no,sì,,,sì,sì,
Parma,Salsomaggiore Terme,no,sì,,sì,sì,sì,sì
Parma,San Polo,no,sì,,,,,sì
Parma,Traversetolo,no,in parte,,sì,sì,sì,sì
Pavia,Belgioioso,no,sì,,sì,sì,sì,
Pavia,Broni,no,sì,,sì,sì,sì,
Pavia,Casteggio,no,in parte,,sì,sì,sì,sì
Pavia,Garlasco,no,sì,,sì,sì,sì,sì
Pavia,Mede,no,in parte,,sì,sì,sì,sì
Pavia,Mortara,no,sì,,sì,sì,sì,sì
Pavia,PAVIA,sì,sì,,sì,sì,sì,
Pavia,Pavia,sì,sì,,,,,sì
Pavia,Robbio,no,in parte,,sì,sì,,
Pavia,Stradella,no,sì,,sì,sì,sì,sì
Pavia,Vigevano,no,sì,,sì,sì,sì,sì
Pavia,Voghera,no,sì,,sì,sì,sì,sì
Perugia,Assisi,no,sì,,sì,sì,,
Perugia,Bastia Umbra,no,sì,,,sì,,
Perugia,Città di Castello,no,sì,,sì,sì,,
Perugia,Deruta,no,sì,,,sì,,
Perugia,Foligno,no,sì,,sì,sì,,
Perugia,Gualdo Tadino,no,sì,,,sì,,
Perugia,Gubbio,no,sì,,sì,sì,,
Perugia,Marsciano,no,sì,,,sì,,
Perugia,Norcia,no,sì,,,sì,,
Perugia,PERUGIA,sì,sì,,sì,sì,,
Perugia,Ponte San Giovanni,no,sì,,,sì,,
Perugia,Spoleto,no,sì,,sì,sì,,
Perugia,Todi,no,in parte,,sì,sì,,
Perugia,Umbertide,no,in parte,,sì,sì,,
Perugia - Terni,Assisi,no,sì,,sì,,,
Perugia - Terni,Città di Castello,no,sì,,sì,,,
Perugia - Terni,Foligno,no,sì,,sì,,,
Perugia - Terni,Gubbio,no,sì,,sì,,,
Perugia - Terni,Orvieto,no,sì,,sì,,,
Perugia - Terni,PERUGIA,sì,sì,,sì,,,
Perugia - Terni,Spoleto,no,sì,,sì,,,
Perugia - Terni,TERNI,sì,sì,,sì,,,
Pesaro - Urbino,Fano,no,sì,,sì,sì,,
Pesaro - Urbino,PESARO,sì,sì,,sì,sì,,
Pesaro - Urbino,Sant'Angelo in Lizzola,no,sì,,,sì,,
Pesaro - Urbino,URBINO,sì,sì,,sì,sì,,
Piacenza,Bobbio,no,sì,,,,,sì
Piacenza,Borgonova Val Tidone,no,sì,,,sì,,
Piacenza,Borgonovo Val Tidone,no,sì,,,,sì,
Piacenza,Cadeo,no,sì,,,sì,sì,
Piacenza,Caorso,no,sì,,,sì,sì,
Piacenza,Carpaneto Piacentino,no,sì,,,sì,sì,sì
Piacenza,Castel San Giovanni,no,sì,,sì,sì,sì,
Piacenza,Castell'Arquato,no,sì,,,sì,sì,
Piacenza,Fiorenzuola D'Arda,no,sì,,,sì,sì,sì
Piacenza,Fiorenzuola d'Arda,no,sì,,sì,sì,,
Piacenza,Monticelli D'Ongina,no,sì,,,sì,sì,
Piacenza,PIACENZA,sì,sì,,sì,sì,,
Piacenza,Piacenza,sì,sì,,,,sì,sì
Piacenza,Podenzano,no,sì,,,sì,sì,sì
Piacenza,Ponte dell'Olio,no,sì,,,sì,sì,sì
Piacenza,Rivergaro,no,sì,,,sì,sì,
Piacenza,Rottofreno,no,sì,,,sì,sì,
Piacenza,Rottofreno - San Nicolò a Trebbia,no,sì,,,,,sì
Piacenza,Vigolzone,no,sì,,,sì,sì,
Pisa,Bientina,no,sì,,,,sì,sì
Pisa,Calcinaia,no,sì,,,,sì,sì
Pisa,Cascina,no,sì,,,sì,sì,sì
Pisa,Fornacette,no,sì,,,,sì,sì
Pisa,PISA,sì,sì,,sì,sì,sì,
Pisa,Pisa,sì,sì,,,,,sì
Pisa,Ponsacco,no,sì,,,sì,sì,sì
Pisa,Pontedera,no,sì,,sì,sì,sì,sì
Pisa,Vicopisano,no,sì,,,,sì,sì
Pisa,Volterra,no,sì,,,sì,sì,sì
Pistoia,Monsummanno Terme,no,sì,,,sì,,
Pistoia,Montale,no,in parte,,sì,sì,,
Pistoia,Montecatini,no,sì,,,sì,,
Pistoia,Montecatini Terme,no,sì,,sì,sì,,
Pistoia,PISTOIA,sì,sì,,sì,sì,,
Pistoia,Pescia,no,sì,,,sì,,
Pistoia,Quarrata,no,in parte,,sì,sì,,
Pordenone,Cordenons,no,sì,,sì,sì,,
Pordenone,Maniago,no,sì,,sì,sì,,
Pordenone,PORDENONE,sì,sì,,sì,sì,,
Pordenone,Sacile,no,sì,,sì,sì,,
Pordenone,San Vito,no,sì,,,sì,,
Pordenone,San Vito al Tagliamento,no,in parte,,sì,sì,,
Pordenone,Spilimbergo,no,sì,,sì,sì,,
Pordenone - Udine,Cervignano del Friuli,no,sì,,sì,,,
Pordenone - Udine,Cividale del Friuli,no,sì,,sì,,,
Pordenone - Udine,Grado,no,no,GO,sì,,,
Pordenone - Udine,Lignano Sabbiadoro,no,no,UD,sì,,,
Pordenone - Udine,Manzano,no,in parte,UD,sì,,,
Pordenone - Udine,PORDENONE,sì,sì,,sì,,,
Pordenone - Udine,Sacile,no,sì,,sì,,,
Pordenone - Udine,Tolmezzo,no,sì,,sì,,,
Pordenone - Udine,UDINE,sì,sì,,sì,,,
Prato - Provincia di Firenze,Agliana,no,sì,PT,,sì,,
Prato - Provincia di Firenze,Calenzano,no,sì,,,sì,,
Prato - Provincia di Firenze,Campi Bisenzio,no,sì,,,sì,,
Prato - Provincia di Firenze,Castelfiorentino,no,sì,,,sì,,
Prato - Provincia di Firenze,Certaldo,no,sì,,,sì,,
Prato - Provincia di Firenze,Empoli,no,sì,,,sì,,
Prato - Provincia di Firenze,Fucecchio,no,sì,,,sì,,
Prato - Provincia di Firenze,Lastra a Signa,no,sì,,,sì,,
Prato - Provincia di Firenze,Montemurlo,no,sì,,,sì,,
Prato - Provincia di Firenze,PRATO,sì,sì,,,sì,,
Prato - Provincia di Firenze,Poggio a Caiano,no,sì,,,sì,,
Prato - Provincia di Firenze,Pontassieve,no,sì,,,sì,,
Prato - Provincia di Firenze,San Casciano in Val di Pesa,no,sì,,,sì,,
Prato - Provincia di Firenze,Signa,no,sì,,,sì,,
Provincia di Bologna,Budrio,no,sì,,sì,sì,,
Provincia di Bologna,Castel San Pietro Terme,no,sì,,sì,sì,,
Provincia di Bologna,Imola,no,sì,,sì,sì,,
Provincia di Bologna,Medicina,no,sì,,,sì,,
Provincia di Bologna,Minerbio,no,sì,,,sì,,
Provincia di Bologna,Molinella,no,sì,,,sì,,
Provincia di Bologna,Ozzano dell'Emilia,no,sì,,,sì,,
Provincia di Bologna,Pianoro,no,sì,,,sì,,
Provincia di Bologna,Porretta Terme,no,sì,,,sì,,
Provincia di Bologna,San Giovanni in Persiceto,no,sì,,sì,sì,,
Provincia di Bologna,Sasso Marconi,no,sì,,sì,sì,,
Provincia di Firenze,Agliana,no,sì,PT,sì,sì,,
Provincia di Firenze,Borgo San Lorenzo,no,sì,,sì,sì,,
Provincia di Firenze,Calenzano,no,sì,,sì,sì,,
Provincia di Firenze,Campi Bisenzio,no,sì,,sì,sì,,
Provincia di Firenze,Carmignano,no,sì,,sì,sì,,
Provincia di Firenze,Castelfiorentino,no,sì,,sì,sì,,
Provincia di Firenze,Certaldo,no,sì,,sì,sì,,
Provincia di Firenze,Empoli,no,sì,,sì,sì,,
Provincia di Firenze,Fucecchio,no,sì,,,sì,,
Provincia di Firenze,Greve in Chianti,no,sì,,sì,,,
Provincia di Firenze,Lastra a Signa,no,sì,,sì,sì,,
Provincia di Firenze,Località San Francesco (Pelago),no,no,,sì,,,
Provincia di Firenze,Pelago (Località San Francesco),no,sì,,,sì,,
Provincia di Firenze,Poggio a Caiano,no,sì,,sì,sì,,
Provincia di Firenze,Pontassieve,no,sì,,sì,sì,,
Provincia di Firenze,Prato,no,sì,,sì,sì,,
Provincia di Firenze,San Casciano in Val di Pesa,no,sì,,sì,sì,,
Provincia di Firenze,Scarperia,no,sì,,sì,sì,,
Provincia di Firenze,Signa,no,sì,,sì,sì,,
Provincia di Milano,Abbiategrasso,no,sì,,sì,sì,,
Provincia di Milano,Agrate Brianza,no,sì,,,sì,,
Provincia di Milano,Arcore,no,sì,,,sì,,
Provincia di Milano,Arese,no,sì,,sì,sì,,
Provincia di Milano,Bareggio,no,sì,,,sì,,
Provincia di Milano,Barlassina,no,sì,,,sì,,
Provincia di Milano,Binasco,no,sì,,,sì,,
Provincia di Milano,Bovisio Masciago,no,sì,,,sì,,
Provincia di Milano,Brugherio,no,sì,,sì,sì,,
Provincia di Milano,Carate Brianza,no,sì,,,sì,,
Provincia di Milano,Carugate,no,in parte,,sì,sì,,
Provincia di Milano,Casalpusterlengo,no,sì,,,sì,,
Provincia di Milano,Cassina De' Pecchi,no,sì,,,sì,,
Provincia di Milano,Castano Primo,no,sì,,,sì,,
Provincia di Milano,Cernusco sul Naviglio,no,sì,,sì,sì,,
Provincia di Milano,Cesano Maderno,no,sì,,sì,sì,,
Provincia di Milano,Codogno,no,sì,,,sì,,
Provincia di Milano,Concorezzo,no,sì,,sì,sì,,
Provincia di Milano,Corbetta,no,sì,,sì,sì,,
Provincia di Milano,Cornaredo,no,sì,,,sì,,
Provincia di Milano,Cusago,no,sì,,,sì,,
Provincia di Milano,Desio,no,sì,,sì,sì,,
Provincia di Milano,Garbagnate,no,sì,,sì,sì,,
Provincia di Milano,Giussano,no,sì,,sì,sì,,
Provincia di Milano,Gorgonzola,no,sì,,sì,sì,,
Provincia di Milano,Inzago,no,sì,,,sì,,
Provincia di Milano,Lainate,no,sì,,sì,sì,,
Provincia di Milano,Legnano,no,sì,,sì,sì,,
Provincia di Milano,Lentate sul Seveso,no,sì,,,sì,,
Provincia di Milano,Limbiate,no,sì,,sì,sì,,
Provincia di Milano,Lissone,no,sì,,sì,sì,,
Provincia di Milano,Lodi,no,sì,,sì,sì,,
Provincia di Milano,Magenta,no,sì,,sì,sì,,
Provincia di Milano,Meda,no,sì,,sì,sì,,
Provincia di Milano,Melegnano,no,sì,,sì,sì,,
Provincia di Milano,Melzo,no,sì,,sì,sì,,
Provincia di Milano,Monza,no,sì,,sì,sì,,
Provincia di Milano,Muggiò,no,sì,,sì,sì,,
Provincia di Milano,Nerviano,no,sì,,,sì,,
Provincia di Milano,Nova Milanese,no,sì,,sì,sì,,
Provincia di Milano,Paderno Dugnano,no,sì,,sì,sì,,
Provincia di Milano,Parabiago,no,sì,,sì,sì,,
Provincia di Milano,Paullo,no,sì,,,sì,,
Provincia di Milano,Pieve Emanuele,no,sì,,,sì,,
Provincia di Milano,Pioltello,no,sì,,sì,sì,,
Provincia di Milano,Rho,no,sì,,sì,sì,,
Provincia di Milano,San Giuliano Milanese,no,sì,,sì,sì,,
Provincia di Milano,Sant'Angelo Lodigiano,no,sì,,,sì,,
Provincia di Milano,Senago,no,sì,,sì,sì,,
Provincia di Milano,Seregno,no,sì,,sì,sì,,
Provincia di Milano,Seveso,no,sì,,sì,sì,,
Provincia di Milano,Trezzo sull'Adda,no,sì,,sì,sì,,
Provincia di Milano,Turbigo,no,sì,,sì,sì,,
Provincia di Milano,Varedo,no,sì,,sì,sì,,
Provincia di Milano,Villasanta,no,sì,,,sì,,
Provincia di Milano,Vimercate,no,sì,,sì,sì,,
Provincia di Milano Nord,Agrate Brianza,no,sì,,,sì,sì,
Provincia di Milano Nord,Albiate,no,sì,,,,sì,
Provincia di Milano Nord,Arcore,no,sì,,,sì,sì,
Provincia di Milano Nord,Arese,no,sì,,,sì,sì,
Provincia di Milano Nord,Biassono,no,sì,,,sì,sì,
Provincia di Milano Nord,Bovisio,no,sì,,,,sì,
Provincia di Milano Nord,Bovisio Masciago,no,sì,,,sì,sì,
Provincia di Milano Nord,Brugherio,no,sì,,,sì,sì,
Provincia di Milano Nord,Busto Garolfo,no,sì,,,sì,sì,
Provincia di Milano Nord,Carate Brianza,no,sì,,,sì,sì,
Provincia di Milano Nord,Castano Primo,no,sì,,,sì,sì,
Provincia di Milano Nord,Castellanza,no,sì,VA,,sì,sì,
Provincia di Milano Nord,Cesano Maderno,no,sì,,,sì,sì,
Provincia di Milano Nord,Concorezzo,no,sì,,,sì,sì,
Provincia di Milano Nord,Cornaredo,no,sì,,,sì,sì,
Provincia di Milano Nord,Desio,no,sì,,,sì,sì,
Provincia di Milano Nord,Garbagnate Milanese,no,sì,,,sì,sì,
Provincia di Milano Nord,Giussano,no,sì,,,sì,sì,
Provincia di Milano Nord,Lainate,no,sì,,,sì,sì,
Provincia di Milano Nord,Legnano,no,sì,,,sì,sì,
Provincia di Milano Nord,Lentate sul Seveso,no,sì,,,sì,sì,
Provincia di Milano Nord,Limbiate,no,sì,,,sì,sì,
Provincia di Milano Nord,Lissone,no,sì,,,sì,sì,
Provincia di Milano Nord,Macherio,no,sì,,,sì,sì,
Provincia di Milano Nord,Meda,no,sì,,,sì,sì,
Provincia di Milano Nord,Monza,no,sì,,,sì,sì,
Provincia di Milano Nord,Muggiò,no,sì,,,sì,sì,
Provincia di Milano Nord,Nerviano,no,sì,,,sì,sì,
Provincia di Milano Nord,Nova Milanese,no,sì,,,sì,sì,
Provincia di Milano Nord,Paderno Dugnano,no,sì,,,sì,sì,
Provincia di Milano Nord,Parabiago,no,sì,,,sì,sì,
Provincia di Milano Nord,Rho,no,sì,,,sì,sì,
Provincia di Milano Nord,Senago,no,sì,,,sì,sì,
Provincia di Milano Nord,Seregno,no,sì,,,sì,sì,
Provincia di Milano Nord,Seveso,no,sì,,,sì,sì,
Provincia di Milano Nord,Turbigo,no,sì,,,sì,sì,
Provincia di Milano Nord,Varedo,no,sì,,,sì,sì,
Provincia di Milano Nord,Vedano al Lambro,no,sì,,,,sì,
Provincia di Milano Nord,Verano Brianza,no,sì,,,sì,sì,
Provincia di Milano Nord,Villasanta,no,sì,,,sì,sì,
Provincia di Milano Nord,Vimercate,no,sì,,,sì,sì,
Provincia di Napoli,Afragola,no,sì,,,sì,,
Provincia di Napoli,Castellamare di Stabia,no,sì,,sì,sì,,
Provincia di Napoli,Frattamaggiore,no,sì,,,sì,,
Provincia di Napoli,Isola d'Ischia,no,sì,,sì,sì,,
Provincia di Napoli,Isola di Capri,no,sì,,sì,sì,,
Provincia di Napoli,Nola,no,sì,,sì,sì,,
Provincia di Napoli,Ottaviano,no,in parte,,sì,sì,,
Provincia di Napoli,Penisola Sorrentina,no,no,,sì,,,
Provincia di Napoli,Pomigliano d'Arco,no,sì,,sì,sì,,
Provincia di Napoli,Pompei,no,sì,,,sì,,
Provincia di Napoli,Pozzuoli,no,sì,,sì,sì,,
Provincia di Napoli,San Giuseppe Vesuviano,no,sì,,sì,sì,,
Provincia di Napoli,Sorrento,no,no,,sì,,,
Provincia di Napoli,Torre Annunziata,no,sì,,sì,sì,,
Provincia di Napoli,Torre del Greco,no,sì,,sì,sì,,
Provincia di Roma,Albano Laziale,no,sì,,sì,sì,,
Provincia di Roma,Anzio,no,in parte,,sì,sì,,
Provincia di Roma,Aprilia,no,in parte,LT,sì,sì,,
Provincia di Roma,Ariccia,no,sì,,,sì,,
Provincia di Roma,Cisterna di Latina,no,sì,,,sì,,
Provincia di Roma,Civitavecchia,no,sì,,sì,sì,,
Provincia di Roma,Colleferro,no,sì,,,sì,,
Provincia di Roma,Frascati,no,sì,,sì,sì,,
Provincia di Roma,Genzano,no,sì,,,sì,,
Provincia di Roma,Genzano di Roma,no,in parte,,sì,sì,,
Provincia di Roma,Grottaferrata,no,sì,,,sì,,
Provincia di Roma,Guidonia Montecelio,no,sì,,,sì,,
Provincia di Roma,Ladispoli,no,in parte,,,sì,,
Provincia di Roma,Marino,no,sì,,sì,sì,,
Provincia di Roma,Monterotondo,no,sì,,,sì,,
Provincia di Roma,Nettuno,no,in parte,,sì,sì,,
Provincia di Roma,Palestrina,no,in parte,,sì,sì,,
Provincia di Roma,Pomezia,no,sì,,sì,sì,,
Provincia di Roma,Tarquinia,no,in parte,VT,sì,sì,,
Provincia di Roma,Tivoli,no,sì,,sì,sì,,
Provincia di Roma,Velletri,no,sì,,sì,sì,,
Provincia di Torino,Alpignano,no,sì,,sì,sì,,
Provincia di Torino,Carignano,no,sì,,,sì,,
Provincia di Torino,Carmagnola,no,sì,,sì,sì,,
Provincia di Torino,Castellamonte,no,sì,,,sì,,
Provincia di Torino,Chieri,no,sì,,sì,sì,,
Provincia di Torino,Chivasso,no,sì,,sì,sì,,
Provincia di Torino,Ciriè,no,sì,,sì,sì,,
Provincia di Torino,Cuorgnè,no,sì,,sì,sì,,
Provincia di Torino,Giaveno,no,sì,,sì,sì,,
Provincia di Torino,Ivrea,no,sì,,sì,sì,,
Provincia di Torino,Leinì,no,sì,,sì,sì,,
Provincia di Torino,Orbassano,no,sì,,sì,sì,,
Provincia di Torino,Pinerolo,no,sì,,sì,sì,,
Provincia di Torino,Rivarolo Canavese,no,sì,,sì,sì,,
Provincia di Torino,Rivoli,no,sì,,sì,sì,,
Provincia di Torino,Susa,no,sì,,,sì,,
Provincia di Torino,Val di Susa,no,no,,sì,,,
Ragusa - Siracusa,Augusta,no,sì,,,sì,,
Ragusa - Siracusa,Avola,no,sì,,,sì,,
Ragusa - Siracusa,RAGUSA,sì,sì,,sì,sì,,
Ragusa - Siracusa,SIRACUSA,sì,sì,,sì,sì,,
Ravenna,Cervia,no,sì,,sì,sì,,
Ravenna,Faenza,no,sì,,sì,sì,,
Ravenna,Lugo,no,sì,,,sì,,
Ravenna,Lugo di Romagna,no,in parte,,sì,sì,,
Ravenna,RAVENNA,sì,sì,,sì,sì,,
Ravenna - Forlì - San Marino,Cervia,no,sì,,sì,,,
Ravenna - Forlì - San Marino,Cesena,no,sì,,sì,,,
Ravenna - Forlì - San Marino,Cesenatico,no,sì,,sì,,,
Ravenna - Forlì - San Marino,FORLÌ,sì,sì,,sì,,,
Ravenna - Forlì - San Marino,Faenza,no,sì,,sì,,,
Ravenna - Forlì - San Marino,RAVENNA,sì,sì,,sì,,,
Ravenna - Forlì - San Marino,REPUBBLICA DI SAN MARINO,sì,sì,,sì,,,
Ravenna - Forlì - San Marino,Riccione,no,sì,,sì,,,
Ravenna - Forlì - San Marino,Rimini,no,sì,,sì,,,
Reggio Calabria,Gioia Tauro,no,sì,,,sì,,
Reggio Calabria,Palmi,no,sì,,sì,sì,,
Reggio Calabria,Polistena,no,sì,,sì,sì,,
Reggio Calabria,REGGIO CALABRIA,sì,sì,,sì,sì,,
Reggio Calabria,Siderno,no,sì,,sì,sì,,
Reggio Emilia,Casalgrande,no,sì,,,sì,sì,
Reggio Emilia,Castelnovo di Sotto,no,sì,,,sì,sì,
Reggio Emilia,Castelnovo ne' Monti,no,sì,,,sì,sì,
Reggio Emilia,Correggio,no,sì,,sì,sì,sì,
Reggio Emilia,Felina,no,sì,,,sì,,
Reggio Emilia,Guastalla,no,sì,,sì,sì,sì,
Reggio Emilia,Montecchio Emilia,no,sì,,,sì,sì,
Reggio Emilia,Novellara,no,sì,,sì,sì,sì,
Reggio Emilia,REGGIO EMILIA,sì,sì,,sì,sì,sì,sì
Reggio Emilia,Reggiolo,no,sì,,,sì,sì,
Reggio Emilia,Scandiano,no,sì,,sì,sì,sì,sì
Rieti - Viterbo,Civita castellana,no,sì,,,sì,,
Rieti - Viterbo,RIETI,sì,sì,,sì,sì,,
Rieti - Viterbo,VITERBO,sì,sì,,sì,sì,,
Roma,Ciampino,no,sì,,,sì,sì,sì
Roma,Fiumicino,no,sì,,,sì,sì,sì
Roma,Fregene,no,sì,,,sì,sì,sì
Roma,Ostia,no,in parte,,,,sì,sì
Roma,ROMA,sì,sì,,sì,sì,sì,sì
Roma,ostia,no,sì,,,,,sì
Rovigo,Adria,no,sì,,sì,sì,,
Rovigo,Badia Polesine,no,sì,,sì,sì,,
Rovigo,Lendinara,no,sì,,sì,sì,,
Rovigo,Occhiobello,no,sì,,sì,sì,,
Rovigo,Porto Viro,no,sì,,,sì,,
Rovigo,ROVIGO,sì,sì,,sì,sì,,
Rovigo,Santa Maria Maddalena,no,sì,,,sì,,
Rovigo,Taglio di Po,no,sì,,,sì,,
Savona,Alassio,no,sì,,sì,sì,,
Savona,Albenga,no,sì,,sì,sì,,
Savona,Albisola,no,sì,,,sì,,
Savona,Albisola Marina,no,no,,sì,,,
Savona,Cairo Montenotte,no,in parte,,sì,sì,,
Savona,Finale Ligure,no,sì,,sì,sì,,
Savona,Lavagnola,no,sì,,,sì,,
Savona,Loano,no,sì,,sì,sì,,
Savona,Pietra Ligure,no,in parte,,sì,sì,,
Savona,SAVONA,sì,sì,,sì,sì,,
Savona,Vado Ligure,no,in parte,,sì,sì,,
Savona,Varazze,no,in parte,,sì,sì,,
Sondrio,Bormio,no,sì,,sì,sì,,
Sondrio,Chiavenna,no,sì,,sì,sì,,
Sondrio,Livigno,no,in parte,,sì,sì,,
Sondrio,Morbegno,no,sì,,sì,sì,,
Sondrio,SONDRIO,sì,sì,,sì,sì,,
Sondrio,Tirano,no,sì,,sì,sì,,
Taranto,Avetrana,no,sì,,,sì,,
Taranto,Castellaneta,no,sì,,,sì,,
Taranto,Crispiano,no,sì,,,sì,,
Taranto,Grottaglie,no,sì,,sì,sì,,
Taranto,Manduria,no,sì,,sì,sì,,
Taranto,Martina Franca,no,sì,,sì,sì,,
Taranto,Massafra,no,sì,,sì,sì,,
Taranto,San Giorgio Jonico,no,sì,,,sì,,
Taranto,TARANTO,sì,sì,,sì,sì,,
Terni,Amelia,no,in parte,,sì,sì,,
Terni,Narni,no,in parte,,sì,sì,,
Terni,Orvieto,no,sì,,sì,sì,,
Terni,TERNI,sì,sì,,sì,sì,,
Torino,Beinasco,no,sì,,,,sì,sì
Torino,Collegno,no,sì,,,,sì,sì
Torino,Grugliasco,no,sì,,,,sì,sì
Torino,Moncalieri,no,sì,,,,sì,sì
Torino,Nichelino,no,sì,,,,sì,sì
Torino,San Mauro Torinese,no,sì,,,,sì,sì
Torino,Settimo Torinese,no,sì,,,,sì,sì
Torino,TORINO,sì,sì,,,,sì,sì
Torino,Venaria Reale,no,sì,,,,sì,sì
Torino e comuni limitrofi,Beinasco,no,sì,,sì,,,
Torino e comuni limitrofi,Collegno,no,sì,,sì,,,
Torino e comuni limitrofi,Grugliasco,no,sì,,sì,,,
Torino e comuni limitrofi,Moncalieri,no,sì,,sì,,,
Torino e comuni limitrofi,Nichelino,no,sì,,sì,,,
Torino e comuni limitrofi,Settimo Torinese,no,sì,,sì,,,
Torino e comuni limitrofi,TORINO,sì,sì,,sì,,,
Torino e comuni limitrofi,Venaria,no,sì,,sì,,,
Torino e dintorni,Beinasco,no,sì,,sì,sì,sì,
Torino e dintorni,Collegno,no,sì,,sì,sì,sì,
Torino e dintorni,Grugliasco,no,sì,,sì,sì,sì,
Torino e dintorni,Moncalieri,no,sì,,sì,sì,sì,
Torino e dintorni,Nichelino,no,sì,,sì,sì,sì,
Torino e dintorni,San Mauro,no,sì,,,sì,,
Torino e dintorni,San Mauro Torinese,no,sì,,sì,sì,sì,
Torino e dintorni,Settimo Torinese,no,sì,,sì,sì,sì,
Torino e dintorni,TORINO,sì,sì,,sì,sì,sì,sì
Torino e dintorni,Venaria,no,sì,,sì,sì,,
Torino e dintorni,Venaria Reale,no,sì,,,sì,sì,sì
Trapani,Alcamo,no,sì,,,sì,,
Trapani,Castelvetrano,no,sì,,,sì,,
Trapani,Marsala,no,in parte,,sì,sì,,
Trapani,Mazara del Vallo,no,sì,,,sì,,
Trapani,TRAPANI,sì,sì,,sì,sì,,
Trento,Arco,no,in parte,,sì,sì,,
Trento,Cles,no,in parte,,sì,sì,,
Trento,Pergine Valsugana,no,sì,,sì,sì,,
Trento,Riva del Garda,no,sì,,sì,sì,,
Trento,Rovereto,no,sì,,sì,sì,,
Trento,TRENTO,sì,sì,,sì,sì,,
Treviso,Asolo,no,sì,,sì,sì,sì,
Treviso,Castelfranco Veneto,no,sì,,sì,sì,sì,sì
Treviso,Conegliano,no,sì,,sì,sì,sì,sì
Treviso,Montebelluna,no,sì,,sì,sì,sì,
Treviso,Oderzo,no,sì,,sì,sì,sì,
Treviso,Paese,no,sì,,,sì,sì,
Treviso,Pieve di Soligo,no,sì,,,sì,sì,
Treviso,Roncade,no,sì,,,sì,sì,
Treviso,San Biagio di Callalta,no,sì,,,sì,sì,
Treviso,TREVISO,sì,sì,,sì,sì,,
Treviso,Treviso,sì,sì,,,,sì,sì
Treviso,Valdobbiadene,no,sì,,,sì,sì,
Treviso,Villorba,no,sì,,,,,sì
Treviso,Vittorio Veneto,no,sì,,sì,sì,sì,sì
Trieste,TRIESTE,sì,sì,,sì,,,
Udine,Buja,no,sì,,,sì,sì,
Udine,Cervignano del Friuli,no,sì,,sì,sì,sì,sì
Udine,Cividale del Friuli,no,sì,,sì,sì,sì,sì
Udine,Codroipo,no,sì,,,sì,sì,sì
Udine,Feletto Umberto,no,sì,,,sì,sì,
Udine,Gemona,no,sì,,,sì,,
Udine,Gemona del Friuli,no,sì,,,sì,sì,
Udine,Grado,no,in parte,GO,sì,sì,sì,
Udine,Latisana,no,sì,,,sì,sì,
Udine,Lignano Sabbiadoro,no,in parte,,sì,sì,sì,sì
Udine,Manzano,no,in parte,,sì,sì,sì,sì
Udine,Palmanova,no,sì,,,sì,sì,
Udine,San Daniele del Friuli,no,sì,,,sì,sì,
Udine,Tavagnacco,no,sì,,,sì,sì,sì
Udine,Tolmezzo,no,sì,,sì,sì,sì,sì
Udine,Tricesimo,no,sì,,,sì,sì,
Udine,UDINE,sì,sì,,sì,sì,sì,sì
Udine,Venzone,no,sì,,,,sì,
Valle d'Aosta,AOSTA,sì,sì,,,sì,,
Valle d'Aosta,Châtillon,no,sì,,,sì,,
Valle d'Aosta,Courmayeur,no,sì,,,sì,,
Valle d'Aosta,Port-Saint-Martin,no,sì,,,sì,,
Valle d'Aosta,Saint-Vincent,no,sì,,,sì,,
Varese,Angera,no,sì,,,sì,sì,
Varese,Arcisate,no,in parte,,,sì,sì,sì
Varese,Arsago Seprio,no,sì,,,sì,sì,
Varese,Besozzo,no,sì,,,sì,sì,
Varese,Busto Arsizio,no,sì,,sì,sì,sì,sì
Varese,Caronno Pertusella,no,sì,,,sì,sì,
Varese,Cassano Magnago,no,sì,,sì,sì,sì,
Varese,Fagnano Olona,no,sì,,,sì,sì,sì
Varese,Gallarate,no,sì,,sì,sì,sì,sì
Varese,Gavirate,no,in parte,,sì,sì,sì,
Varese,Gerenzano,no,sì,,,sì,sì,
Varese,Induno Olona,no,in parte,,,sì,sì,
Varese,Laveno,no,no,,sì,,,
Varese,Laveno Mombello,no,no,,sì,,,
Varese,Lonate Pozzolo,no,sì,,,sì,sì,sì
Varese,Luino,no,sì,,sì,sì,sì,
Varese,Malnate,no,sì,,,sì,sì,sì
Varese,Samarate,no,sì,,,sì,sì,sì
Varese,Saronno,no,sì,,sì,sì,sì,sì
Varese,Sesto Calende,no,sì,,,sì,sì,
Varese,Somma Lombardo,no,sì,,sì,sì,sì,
Varese,Tradate,no,sì,,sì,sì,sì,sì
Varese,Uboldo,no,sì,,,sì,sì,
Varese,VARESE,sì,sì,,sì,sì,sì,
Varese,Varese,sì,sì,,,,,sì
Varese,Vergiate,no,sì,,,,sì,
Venezia,Chioggia,no,sì,,sì,,,
Venezia,Chioggia/Sottomarina,no,sì,,,sì,sì,
Venezia,Favaro Veneto,no,sì,,,sì,sì,sì
Venezia,Jesolo,no,sì,,sì,sì,sì,sì
Venezia,Marghera,no,sì,,,,sì,sì
Venezia,Mestre,no,sì,,,,sì,sì
Venezia,Mestre),no,sì,,,sì,sì,
Venezia,Mirano,no,sì,,sì,sì,sì,sì
Venezia,Mogliano Veneto,no,sì,TV,,sì,sì,sì
Venezia,Noale,no,sì,,,sì,sì,
Venezia,Portogruaro,no,sì,,sì,sì,sì,
Venezia,San Donà di Piave,no,sì,,sì,sì,sì,sì
Venezia,Spinea,no,sì,,sì,sì,sì,
Venezia,VENEZIA,sì,sì,,sì,,sì,
Venezia,VENEZIA (Marghera,no,sì,,,sì,sì,
Venezia,Venezia,sì,sì,,,,,sì
Vercelli,Biella,no,sì,,sì,sì,,
Vercelli,Borgosesia,no,sì,,sì,sì,,
Vercelli,Cossato,no,sì,,sì,sì,,
Vercelli,Gattinara,no,sì,,sì,sì,,
Vercelli,VERCELLI,sì,sì,,sì,sì,,
Vercelli,Varallo,no,sì,,sì,sì,,
Verona,Albaredo d'Adige,no,sì,,,sì,,
Verona,Bovolone,no,sì,,,sì,sì,
Verona,Bovorone,no,sì,,,sì,,
Verona,Bussolengo,no,sì,,,sì,sì,
Verona,Castel d'Azzano,no,sì,,,sì,,
Verona,Cerea,no,sì,,,sì,sì,
Verona,Grezzana,no,sì,,,sì,sì,
Verona,Isola della Scala,no,sì,,,sì,sì,sì
Verona,Legnago,no,sì,,sì,sì,sì,
Verona,San Bonifacio,no,sì,,sì,sì,sì,sì
Verona,San Giovanni Lupatoto,no,sì,,,sì,sì,
Verona,VERONA,sì,sì,,sì,sì,,
Verona,Verona,sì,sì,,,,sì,sì
Verona,Villafranca di Verona,no,sì,,sì,sì,sì,sì
Vicenza,Arzignano,no,in parte,,sì,sì,sì,sì
Vicenza,Asiago,no,sì,,,sì,sì,
Vicenza,Bassano del Grappa,no,sì,,sì,sì,sì,sì
Vicenza,Dueville,no,sì,,,sì,sì,sì
Vicenza,Lonigo,no,sì,,sì,sì,sì,sì
Vicenza,Marostica,no,in parte,,sì,sì,sì,sì
Vicenza,Montecchio Maggiore,no,sì,,,sì,sì,sì
Vicenza,Noventa Vicentina,no,sì,,,sì,sì,
Vicenza,Rosà,no,sì,,,,sì,sì
Vicenza,Schio,no,sì,,sì,sì,sì,sì
Vicenza,Thiene,no,sì,,sì,sì,sì,sì
Vicenza,VICENZA,sì,sì,,sì,sì,sì,
Vicenza,Valdagno,no,sì,,sì,sì,sì,sì
Vicenza,Vicenza,sì,sì,,,,,sì
