annata,fascicolo,nome_in_copertina,anno_copertina,tipo_copertina,dimensioni,copertina,layout,pagine_totali,pagine_comprese_copertine,mese_aggiornamento,note,copertina_immagine,in_raccolta,esistenza
81/82,Genova,Genova 81,81,Copertina 81 verde,246 x 280 mm,grossa,,,,,nota dell'editore,Ricercato1.jpg,False,accertata
81/82,La Spezia,La Spezia 81,81,Copertina 81 verde,246 x 280 mm,grossa,,,,,nota dell'editore,Ricercato1.jpg,False,accertata
81/82,Imperia - Savona,Imperia - Savona 81,81,Copertina 81 verde,246 x 280 mm,grossa,TuttoCittà '80 con foto,40,,giugno 1981,nota dell'editore,IMSV81.jpg,True,accertata
82/83,Genova,Genova 82,82,Copertina 82 rossa,246 x 280 mm,grossa,TuttoCittà '80 classico,112,,aprile 1982,,GE82.jpg,True,accertata
82/83,La Spezia,La Spezia 82,82,Copertina 82 rossa,246 x 280 mm,grossa,,,,,,Ricercato1.jpg,False,accertata
82/83,Imperia - Savona,Imperia - Savona 82,82,Copertina 82 rossa,246 x 280 mm,grossa,,,,,,Ricercato1.jpg,False,accertata
83/84,Genova,Genova 83,83,Copertina 83 azzurra,246 x 280 mm,grossa,TuttoCittà '80 classico,120,,marzo 1983,,GE83.jpg,True,accertata
83/84,La Spezia,La Spezia 83,83,Copertina 83 azzurra,246 x 280 mm,grossa,,,,,,Ricercato1.jpg,False,accertata
83/84,Imperia - Savona,Imperia - Savona 83,83,Copertina 83 azzurra,246 x 280 mm,grossa,TuttoCittà '80 classico,40,,maggio 1983,,IMSV83.jpg,True,accertata
84/85,Genova,Genova 84,84,Copertina 84 verde,246 x 280 mm,grossa,TuttoCittà '80 classico,120,,marzo 1984,Inserto Costituzione,GE84.jpg,True,accertata
84/85,La Spezia,La Spezia 84,84,Copertina 84 verde,246 x 280 mm,grossa,TuttoCittà '80 classico,,,,Inserto Costituzione,Ricercato1.jpg,False,accertata
84/85,Imperia,Imperia 84,84,Copertina 84 verde,246 x 280 mm,grossa,TuttoCittà '80 classico,16,,maggio 1984,Inserto Costituzione,IM84.jpg,True,accertata
84/85,Savona,Savona 84,84,Copertina 84 verde,246 x 280 mm,grossa,TuttoCittà '80 classico,24,25,maggio 1984,Inserto Costituzione,SV84.jpg,True,accertata
85/86,Genova,Genova 85,85,Copertina 85 rossa,246 x 280 mm,grossa,TuttoCittà '80 classico,120,,marzo 1985,,GE85.jpg,True,accertata
85/86,La Spezia,La Spezia 85,85,Copertina 85 rossa,246 x 280 mm,grossa,TuttoCittà '80 classico,,,,,Ricercato1.jpg,False,accertata
85/86,Imperia,Imperia 85,85,Copertina 85 rossa,246 x 280 mm,grossa,TuttoCittà '80 classico,16,,maggio 1985,,IM85.jpg,True,accertata
85/86,Savona,Savona 85,85,Copertina 85 rossa,246 x 280 mm,grossa,TuttoCittà '80 classico,24,25,maggio 1985,,SV85.jpg,True,accertata
86/87,Genova,Genova 86,86,Copertina 86 edifici,246 x 280 mm,grossa,TuttoCittà '80 edifici,112,,marzo 1986,,GE86.jpg,True,accertata
86/87,La Spezia,La Spezia 86,86,Copertina 86 azzurra,246 x 280 mm,grossa,TuttoCittà '80 classico,16,,maggio 1986,,SP86.jpg,True,accertata
86/87,Imperia,Imperia 86,86,Copertina 86 azzurra,246 x 280 mm,grossa,TuttoCittà '80 classico,16,,maggio 1986,,IM86.jpg,True,accertata
86/87,Savona,Savona 86,86,Copertina 86 azzurra,246 x 280 mm,grossa,TuttoCittà '80 classico,24,25,maggio 1986,,SV86.jpg,True,accertata
87/88,Genova,Genova 87,87,Copertina 87 edifici,246 x 280 mm,grossa,TuttoCittà '80 edifici,,,,,Ricercato1.jpg,False,accertata
87/88,La Spezia,La Spezia 87,87,Copertina 87 verde,246 x 280 mm,grossa,TuttoCittà '80 classico,,,,,Ricercato1.jpg,False,accertata
87/88,Imperia,Imperia 87,87,Copertina 87 verde,246 x 280 mm,grossa,TuttoCittà '80 classico,,,,,Ricercato1.jpg,False,accertata
87/88,Savona,Savona 87,87,Copertina 87 verde,246 x 280 mm,grossa,TuttoCittà '80 classico,24,25,maggio 1987,,SV87.jpg,True,accertata
88/89,Genova,Genova 88,88,Copertina 88 edifici,246 x 280 mm,grossa,TuttoCittà '80 edifici,112,,marzo 1988,,GE88.jpg,True,accertata
88/89,La Spezia,La Spezia 88,88,Copertina 88 rossa,246 x 280 mm,grossa,TuttoCittà '80 classico,16,,maggio 1988,,SP88.jpg,True,accertata
88/89,Imperia,Imperia 88,88,Copertina 88 rossa,246 x 280 mm,grossa,TuttoCittà '80 classico,16,,maggio 1988,,IM88.jpg,True,accertata
88/89,Savona,Savona 88,88,Copertina 88 rossa,246 x 280 mm,grossa,TuttoCittà '80 classico,24,25,maggio 1988,,SV88.jpg,True,accertata
89/90,Genova,Genova 89,89,Copertina 89 edifici,246 x 280 mm,grossa,TuttoCittà '80 edifici,112,,marzo 1989,,GE89.jpg,True,accertata
89/90,La Spezia,La Spezia 89,89,Copertina 89 azzurra,246 x 280 mm,grossa,TuttoCittà '80 classico,16,,maggio 1989,,SP89.jpg,True,accertata
89/90,Imperia,Imperia 89,89,Copertina 89 azzurra,246 x 280 mm,grossa,TuttoCittà '80 classico,16,,maggio 1989,,IM89.jpg,True,accertata
89/90,Savona,Savona 89,89,Copertina 89 azzurra,246 x 280 mm,grossa,TuttoCittà '80 classico,24,25,maggio 1989,,SV89.jpg,True,accertata
90/91,Genova,Genova 90/91,90/91,Copertina 90/91 blu,246 x 280 mm,grossa,TuttoCittà '90 classico iniziale,96,,aprile 1990,nota dell'editore,GE9091.jpg,True,accertata
90/91,La Spezia,La Spezia 90/91,90/91,Copertina 90/91 blu,246 x 280 mm,grossa,TuttoCittà '90 classico iniziale,24,,maggio 1990,nota dell'editore,SP9091.jpg,True,accertata
90/91,Imperia,Imperia 90/91,90/91,Copertina 90/91 blu,246 x 280 mm,grossa,TuttoCittà '90 classico iniziale,16,,maggio 1990,nota dell'editore,IM9091.jpg,True,accertata
90/91,Savona,Savona 90/91,90/91,Copertina 90/91 blu,246 x 280 mm,grossa,TuttoCittà '90 classico iniziale,24,,maggio 1990,nota dell'editore,SV9091.jpg,True,accertata
91/92,Genova,Genova 91,91,Copertina 91 blu,246 x 280 mm,grossa,TuttoCittà '90 classico iniziale,96,,marzo 1991,,GE91.jpg,True,accertata
91/92,La Spezia,La Spezia 91,91,Copertina 91 blu,246 x 280 mm,grossa,TuttoCittà '90 classico iniziale,24,,maggio 1991,,SP91.jpg,True,accertata
91/92,Imperia,Imperia 91,91,Copertina 91 blu,246 x 280 mm,grossa,TuttoCittà '90 classico iniziale,24,,maggio 1991,,IM91.jpg,True,accertata
91/92,Savona,Savona 91,91,Copertina 91 blu,246 x 280 mm,grossa,TuttoCittà '90 classico iniziale,32,,maggio 1991,,SV91.jpg,True,accertata
92/93,Genova,Genova 92,92,Copertina 92 beige,246 x 280 mm,grossa,TuttoCittà '90 classico,104,,aprile 1992,,GE92.jpg,True,accertata
92/93,La Spezia,La Spezia 92,92,Copertina 92 beige,246 x 280 mm,grossa,TuttoCittà '90 classico,24,,giugno 1992,,SP92.jpg,True,accertata
92/93,Imperia,Imperia 92,92,Copertina 92 beige,246 x 280 mm,grossa,TuttoCittà '90 classico,24,,giugno 1992,,IM92.jpg,True,accertata
92/93,Savona,Savona 92,92,Copertina 92 beige,246 x 280 mm,grossa,TuttoCittà '90 classico,24,,giugno 1992,,SV92.jpg,True,accertata
93/94,Genova,Genova 93,93,Copertina 93 beige,246 x 280 mm,grossa,TuttoCittà '90 classico,96,,aprile 1993,,GE93.jpg,True,accertata
93/94,La Spezia,La Spezia 93,93,Copertina 93 beige,246 x 280 mm,sottile,TuttoCittà '90 classico,22,,giugno 1993,,SP93.jpg,True,accertata
93/94,Imperia,Imperia 93,93,Copertina 93 beige,246 x 280 mm,sottile,TuttoCittà '90 classico,22,,giugno 1993,,IM93.jpg,True,accertata
93/94,Savona,Savona 93,93,Copertina 93 beige,246 x 280 mm,sottile,TuttoCittà '90 classico,30,,giugno 1993,,SV93.jpg,True,accertata
94/95,Genova,Genova 94,94,Copertina 94 beige,246 x 280 mm,sottile,TuttoCittà '90 classico,94,,aprile 1994,,GE94.jpg,True,accertata
94/95,La Spezia,La Spezia 94,94,Copertina 94 beige,246 x 280 mm,sottile,TuttoCittà '90 classico,,,,,Ricercato1.jpg,False,accertata
94/95,Imperia,Imperia 94,94,Copertina 94 beige,246 x 280 mm,sottile,TuttoCittà '90 classico,,,,,Ricercato1.jpg,False,accertata
94/95,Savona,Savona 94,94,Copertina 94 beige,246 x 280 mm,sottile,TuttoCittà '90 classico,30,,maggio 1994,,SV94.jpg,True,accertata
95/96,Genova,Genova 95,95,Copertina 95 beige,246 x 280 mm,sottile,TuttoCittà '90 classico,94,,aprile 1995,,GE95.jpg,True,accertata
95/96,La Spezia,La Spezia 95,95,Copertina 95 beige,246 x 280 mm,sottile,TuttoCittà '90 classico,22,,maggio 1995,,SP95.jpg,True,accertata
95/96,Imperia,Imperia 95,95,Copertina 95 beige,246 x 280 mm,sottile,TuttoCittà '90 classico,22,,maggio 1995,,IM95.jpg,True,accertata
95/96,Savona,Savona 95,95,Copertina 95 beige,246 x 280 mm,sottile,TuttoCittà '90 classico,30,,maggio 1995,,SV95.jpg,True,accertata
96/97,Genova,Genova 96,96,Copertina 96 beige,226 x 274 mm,sottile,TuttoCittà '90 classico,94,,aprile 1996,,GE96.jpg,True,accertata
96/97,La Spezia,La Spezia 96,96,Copertina 96 beige,226 x 274 mm,sottile,TuttoCittà '90 classico,,,,,Ricercato1.jpg,False,accertata
96/97,Imperia,Imperia 96,96,Copertina 96 beige,226 x 274 mm,sottile,TuttoCittà '90 classico,22,,maggio 1996,,IM96.jpg,True,accertata
96/97,Savona,Savona 96,96,Copertina 96 beige,226 x 274 mm,sottile,TuttoCittà '90 classico,30,,maggio 1996,,SV96.jpg,True,accertata
97/98,Genova,Genova 97,97,Copertina 97 beige,226 x 274 mm,sottile,TuttoCittà '90 classico,94,,maggio 1997,Cambio formato,GE97.jpg,True,accertata
97/98,La Spezia,La Spezia 97,97,Copertina 97 beige,226 x 274 mm,sottile,TuttoCittà '90 classico,,,,Cambio formato,Ricercato1.jpg,False,accertata
97/98,Imperia,Imperia 97,97,Copertina 97 beige,226 x 274 mm,sottile,TuttoCittà '90 classico,30,,maggio 1997,Cambio formato,IM97.jpg,True,accertata
97/98,Savona,Savona 97,97,Copertina 97 beige,226 x 274 mm,sottile,TuttoCittà '90 classico,38,,maggio 1997,Cambio formato,SV97.jpg,True,accertata
98/99,Genova,Genova (98),98,Copertina grigia,226 x 274 mm,sottile,TuttoCittà '90 riformato,94,,maggio 1998,"""da utilizzare fino ad Agosto 1999""",GE98.jpg,True,accertata
98/99,La Spezia,La Spezia (98),98,Copertina grigia,226 x 274 mm,sottile,TuttoCittà '90 riformato,46,,maggio 1998,"""da utilizzare fino ad Agosto 1999""",SP98.jpg,True,accertata
98/99,Imperia,Imperia (98),98,,,,,,,,,Dubbio1.jpg,False,dubbia
99/00,Genova,Genova 1999/2000,99/00,,226 x 274 mm,sottile,TuttoCittà nuovo millennio,,,,,Ricercato1.jpg,False,accertata
00/01,Genova,Genova ?,,Copertina 2000/2001 gialla,226 x 274 mm,sottile,TuttoCittà nuovo millennio bis,86,,maggio 2000,,GE0001.jpg,True,accertata
01/02,Genova,Genova 2001/2002,01/02,,226 x 274 mm,sottile,TuttoCittà nuovo millennio ter,,,,,Ricercato1.jpg,False,accertata
02/03,Genova,Genova 2002/2003,02/03,Copertina 2002/2003 gialla,226 x 274 mm,sottile,TuttoCittà nuovo millennio ter,78,79,giugno 2002,,GE0203.jpg,True,accertata
03/04,Genova,Genova ?,,,226 x 274 mm,sottile,TuttoCittà nuovo millennio ter,,,,,Ricercato1.jpg,False,accertata
04/05,Genova,Genova ?,,,226 x 274 mm,sottile,TuttoCittà nuovo millennio ter,,,,,Ricercato1.jpg,False,accertata
05/06,Genova,Genova 2005,05,Copertina 2005 arancione,226 x 274 mm,sottile,TuttoCittà metà duemila,62,64,luglio 2005,,GE05.jpg,True,accertata
06/07,Genova,Genova 2006,06,Copertina 2006 arancione/bianca,226 x 274 mm,grossa,TuttoCittà fine duemila,,,,,Ricercato1.jpg,False,accertata
07/08,Genova,Genova 2007,07,Copertina 2007 arancione/bianca,226 x 274 mm,grossa,TuttoCittà fine duemila,80,,luglio 2007,,GE07.jpg,True,accertata
08/09,Genova,Genova 2008/2009,08/09,Copertina 2008/2009 arancione/bianca,226 x 274 mm,grossa,TuttoCittà fine duemila,72,,luglio 2008,,GE0809.jpg,True,accertata
09/10,Genova,Genova 2009/2010,09/10,Copertina 2009/2010 arancione/bianca formato ridotto,226 x 274 mm,grossa,TuttoCittà anni dieci,80,,luglio 2009,Riforma cartografica; nuovo formato,GE0910.jpg,True,accertata
10/11,Genova,Genova 2010/2011,10/11,Copertina 2010/2011 arancione/bianca formato ridotto,140 x 212 mm,grossa,TuttoCittà anni dieci,88,,agosto 2010,,GE1011.jpg,True,accertata
10/11,La Spezia,La Spezia 2010/2011,10/11,Copertina 2010/2011 arancione/bianca formato ridotto,140 x 212 mm,grossa,TuttoCittà anni dieci,,,,Riforma cartografica; nuovo formato,Ricercato2.jpg,False,accertata
11/12,Genova,Genova 2011/2012,11/12,Copertina 2011/2012 arancione/bianca formato ridotto,140 x 212 mm,grossa,TuttoCittà anni dieci,88,,luglio 2011,,GE1112.jpg,True,accertata
11/12,La Spezia,La Spezia 2011/2012,11/12,Copertina 2011/2012 arancione/bianca formato ridotto,140 x 212 mm,grossa,TuttoCittà anni dieci,,,,,Ricercato2.jpg,False,accertata
12/13,Genova,Genova 2012/2013,12/13,Copertina 2012/2013 arancione/bianca formato ridotto,140 x 212 mm,grossa,TuttoCittà anni dieci,80,,luglio 2012,,GE1213.jpg,True,accertata
12/13,La Spezia,La Spezia 2012/2013,12/13,Copertina 2012/2013 arancione/bianca formato ridotto,140 x 212 mm,grossa,TuttoCittà anni dieci,,,,,Ricercato2.jpg,False,accertata
13/14,Genova,Genova 2013/2014,13/14,Copertina 2013/2014 arancione/bianca formato ridotto,140 x 212 mm,grossa,TuttoCittà anni dieci,80,,giugno 2013,,GE1314.jpg,True,accertata
13/14,La Spezia,La Spezia 2013/2014,13/14,Copertina 2013/2014 arancione/bianca formato ridotto,140 x 212 mm,grossa,TuttoCittà anni dieci,,,,,Ricercato2.jpg,False,accertata
14/15,Genova,Genova 2014/2015,14/15,Copertina 2014/2015 arancione/bianca formato ridotto,140 x 212 mm,grossa,TuttoCittà anni dieci,80,,giugno 2014,,GE1415.jpg,True,accertata
14/15,La Spezia,La Spezia 2014/2015,14/15,Copertina 2014/2015 arancione/bianca formato ridotto,140 x 212 mm,grossa,TuttoCittà anni dieci,,,,,Ricercato2.jpg,False,accertata
