annata,provincia,titolo
90/91,Campobasso,Anni 90. A scuola di agriturismo
90/91,Campobasso,Identikit di una provincia
90/91,Campobasso,"All'ombra del Castello Monforte sfilano santi, angeli e diavolacci"
90/91,Campobasso,"Spaghetti, zucchero, mozzarella e affari"
90/91,Campobasso,Metti un motore a Termoli
90/91,Campobasso,Sepino. Sorprese a ogni scavo
90/91,Campobasso,La ricetta della nonna
90/91,Isernia,Anni 90. Le idee diventano impresa
90/91,Isernia,Identikit di una provincia
90/91,Isernia,Il pranzo paleolitico del primo molisano
90/91,Isernia,L'anima delle campane di Agnone
90/91,Isernia,Scapoli. Gli ultimi zampognari
90/91,Isernia,La ricetta della nonna
91/92,Campobasso,"Verso il '92. Campobasso, manager per l'Europa"
91/92,Campobasso,Lo sviluppo in cifre
91/92,Campobasso,Il castello Monforte e i feudatari ribelli
91/92,Campobasso,La stampa locale. Settimanali d'informazione
91/92,Campobasso,Gambatesa: sfida ai Gonzaga
91/92,Campobasso,"Ricette contadine, semplici e gustose"
91/92,Campobasso,Da Sant'Elia alle rovine di Saepinum
91/92,Isernia,Verso il '92. Nuovi mercati nel futuro di Isernia
91/92,Isernia,Una provincia di risparmiatori
91/92,Isernia,Le lapidi romane nella fontana
91/92,Isernia,La scienza a Pesche
91/92,Isernia,L'abbazia di San Vincenzo e la cripta di Epifanio
91/92,Isernia,Da Frosolone l'energia pulita
91/92,Isernia,Vini e gastronomia. L'antica cucina dei pastori
91/92,Isernia,Nel paese dei jeans
91/92,Isernia,I rintocchi delle campane di Agnone
92/93,Campobasso,Il futuro possibile. La vecchia città giardino ora è una mini-metropoli
92/93,Campobasso,"Il Processo di Biscardi, lo spettacolo dello sport"
92/93,Campobasso,Vini e gastronomia. Zuppa di lenticchie e frittata di basilico
92/93,Campobasso,Un brindisi con il Biferno
92/93,Isernia,"Il futuro possibile. Isernia, storia e ambiente la speranza per i giovani"
92/93,Isernia,"Dai romani all'Unità d'Italia, le battaglie del fiero Molise"
92/93,Isernia,Nomi e cognomi. Nicandro in omaggio al patrono
93/94,Campobasso,Italia domani. Il futuro di Campobasso tra estetica e morale
93/94,Campobasso,I duelli di Gabriele Pepe profeta della Nuova Italia
93/94,Campobasso,"Roccavivara, l'abbazia tra gli ulivi"
93/94,Campobasso,"Nomi e cognomi. Sciaretta a Termoli, Pardo a Larino"
93/94,Campobasso,"Arte in tavola. Il mangiatore di prosciutto e i dubbi di ""Emile"""
93/94,Isernia,Italia domani. L'abbraccio di Isernia leale e un po' ribelle
93/94,Isernia,"Le lame di Frosolone, un'arte antica"
93/94,Isernia,Le grandi tappe della storia
93/94,Isernia,Le poesie di papa Celestino
93/94,Isernia,Ninne-nanne di botte e minacce
93/94,Isernia,Il santuario di Castelpetroso un'oasi di luce rosa
93/94,Isernia,"San Vincenzo, la bonifica dei frati"
93/94,Isernia,I silenzi degli antichi borghi e le campagne di Agnone
93/94,Isernia,"Ortica, aglio e diavolicchio prelibatezze contadine"
93/94,Isernia,Le piccole capitali del vino
94/95,Campobasso,"Il nuovo che emerge. Campobasso, la solidarietà allarga le sue maglie"
94/95,Campobasso,Appunti di storia
94/95,Campobasso,"Miti, leggende. I miracoli di Leonardo e la fiaba dei sorci"
94/95,Campobasso,I Robinson Crusoe della nuova musica
94/95,Campobasso,"La provincia verde. Sul Sentiero Italia tra volpi, falchi e mermotte"
94/95,Campobasso,Antiche ricette. Il fritto misto e i segreti dei calcioni
94/95,Isernia,Il nuovo che emerge. Isernia si mobilita per proteggere l'ambiente
94/95,Isernia,"Musica giovane, il ""Tratturo"" apre la strada"
94/95,Isernia,"Miti, leggende. Il soffio gelido di donna Borea"
94/95,Isernia,Antiche ricette. La zuppa di cardi che ispirò il poeta
95/96,Campobasso,Progetti giovani. Nasce a Campobasso lo sportello delle idee
95/96,Campobasso,All'ombra delle sequoie nel parco della contessa
95/96,Campobasso,"Bongusto, trent'anni di successi"
95/96,Campobasso,"Jacovitti, l'artigiano dei fumetti"
95/96,Isernia,"Progetti giovani. Isernia, il gioco del business"
95/96,Isernia,L'abate viaggiante che diventò Papa
95/96,Isernia,L'abbazia sul Volturno distrutta da Saugdan
