annata,titolo
90/91,Percorsi. Le ragioni di un fascino - Quondamdomenico e Amen
90/91,Colosseo: i gladiatori le belve il circo la morte. Il film di un monumento
90/91,I capolavori nascosti nei piccoli musei
90/91,I tempi d'oro di via Veneto
90/91,Li chiamavano paparazzi
90/91,Il ritorno di Marco Aurelio
90/91,L'enigma di quell'obelisco
90/91,Ostia. La rocca del papa
90/91,Ma Pasquino non ha detto l'ultima parola
90/91,Il cancello la fontana la chiesa. Accesso insolito alla Città del Vaticano
90/91,La straordinaria avventura del Giudizio Universale
90/91,I giardini segreti di Villa Borghese
90/91,Romanzi e complotti al Caffè Greco
90/91,Fra le quinte del Vittoriano
90/91,"Da Piacentini a Nervi, il disegno dell'Eur"
90/91,Nelle aule del Liceo Mamiani
90/91,Lo stile Alinari sulle rive del Tevere
90/91,25 agosto 1960. Si accende la fiaccola delle Olimpiadi
90/91,Scintillanti sfide sulla terra rossa
90/91,E la domenica abbacchio
90/91,"Fatebenefratelli, un ospedale modello nel Cinquecento"
91/92,Verso il '92. Il nuovo volto di Roma capitale
91/92,Due automobili ogni tre abitanti
91/92,"Come eravamo. Coccapieller, la voce del ""popolaccio"""
91/92,Traffico sconfitto dal metrò?
91/92,"Gli stornelli di Trastevere, storie di vita"
91/92,Passeggiate per Roma di notte
91/92,La città di Piranesi tra sogno e realtà
91/92,Amore e sorpresa negli occhi dei turisti
91/92,Quando nacque Cinecittà
91/92,"Piazza di Siena, trionfi a cavallo"
91/92,Novembre 1921: arriva la salma del Milite Ignoto
91/92,Alle terme con Nerone
91/92,"Luiss, l'università dei manager"
91/92,1900: a congresso per Giordano Bruno
91/92,L'antico Egitto nei Musei Vaticani
91/92,Il volto di Gesù sul fazzoletto di Veronica
91/92,"Il museo del folklore, un tuffo nella ""Roma sparita"""
91/92,Quei tifosi ruggenti del Foro Italico
91/92,Il calcio nell'era di Viola
91/92,Vini e gastronomia. La tradizione dei grandi primi
91/92,"L'abbacchio, che poesia!"
91/92,I volontari della Caritas contro l'emarginazione
91/92,Policlinico Gemelli: da trent'anni a servizio della scienza medica
92/93,Il futuro possibile. Le ricette dei cittadini per la grande metropoli
92/93,Dal mondo della cultura dicono di Roma… Enzo Siciliano: «La politica ci ha distrutti» Rita Levi Montalcini: «Un popolo cordiale e molto saggio»
92/93,Zeichen: «Solo gli osti ci possono salvare» bellezza: «Ridatemi fiere e feste»
92/93,"Ernesto Nathan, il sindaco delle riforme"
92/93,Goethe nei giardini di Villa Pamphilj
92/93,Dialetto e nomi. Il randello di Turturro
92/93,Venti giovani talenti per l'Accademia di Francia
92/93,Goethe Institut: un'immersione nel mondo germanico
92/93,"British Council, un pezzo di Inghilterra nel cuore di Roma"
92/93,La storia si specchia nella Fontana di Trevi
92/93,Tutte le orchidee dell'Orto botanico
92/93,"I Camporese, tre generazioni di architetti"
92/93,Le favole di Coppedé per la città dei ricchi
92/93,"Theoria, l'avventura dei libri"
92/93,Cucina e divertimenti in quattro secoli di osterie
92/93,I tesori di palazzo Rospigliosi
92/93,Dall'arpicembalo al carillon nel regno delle sette note
92/93,Il museo del cinema cerca una sede
92/93,Tre grandi banche in una e il Colosseo ringrazia
92/93,La nuova Lazio di Cragnotti
92/93,Itinerari per il week-end. Alla scoperta dei Castelli tra boschi e ricordi romani
92/93,"Vini e gastronomia. Aglio, pasta e fantasia"
92/93,Viaggiatori antichi. Nel salotto dei Borghese tra dame e cicisbei
93/94,Italia domani. Il sogno di una capitale accogliente e pulita
93/94,"L'ingegner Vaccari, pianista di notte"
93/94,La Terza Università a misura di studente
93/94,Tra le palme e i castagni torna a risplendere villa Torlonia
93/94,Gli indimenticabili Cetra: storia a quattro voci
93/94,Avanguardia sul fronte del rock
93/94,Dive e pugnali nella culla del cinema
93/94,Quei coloni romagnoli che bonificarono l'Agro
93/94,La rivoluzione del sindaco Pianciani
93/94,"Poligrafico, editore d'arte che viene dallo Stato"
93/94,Fra monete e medaglie i segreti della Zecca
93/94,La grande avventura di un prete-chirurgo
93/94,Le regioni dipinte nei Musei Vaticani
93/94,"Gli scienziati dello sport che ""restaurano"" i campioni"
93/94,Arte in tavola. La poesia della pasta e fagioli
93/94,"Qui fu sepolto Pietro, l'apostolo delle genti"
94/95,Il nuovo che emerge. Una grande metropoli tra scienza e volontariato
94/95,1901: una fontana inaugurata a furor di popolo
94/95,"I nomi di pietra. Ettore Ferrari, scultore della nuova Italia"
94/95,"Dai cibi alla musica. Stranieri, che passione!"
94/95,"Il ""mosquito"" di Costanzo e i maritozzi della Dandini"
94/95,"Baglioni, trent'anni di successi"
94/95,La provincia verde. Il museo botanico del monte Gennaro
94/95,"Narcisi, simbolo di vanità"
94/95,Antiche ricette. Rustica trippa ma per nobili palati
95/96,"Progetti giovani. Roma, la parola d'ordine è studiare bene"
95/96,Dai Mirabilia ai sonetti del Belli l'eterna lotta fra male e bene
95/96,La sfida del sindaco per l'Urbe del Duemila
95/96,Il giubileo secondo Ruini: speranza di unità
95/96,L'antico ghetto torna a risplendere
95/96,"Elio Toaff, cinquant'anni di guida spirituale"
95/96,"1895-1995. Cinema! ""Celluloide"", e Roma torna città aperta"
95/96,La rivincita degli artisti derisi
95/96,La provincia verde. Fare jogging nella villa del cardinale
95/96,Dagli altipiani etiopi il caffè di Balzac
95/96,Giorgia e Daniele Silvestri i signori dell'hit-parade
95/96,Scene di vita quotidiana ai tempi dell'Impero
95/96,"Il ""Vittorioso"", una chicca per antiquari"
95/96,Antiche ricette. In tavola sapori d'Oriente
96/97,Tempo libero. I templi della notte quartiere per quartiere
96/97,Paolo Bonolis una star del sorriso
96/97,Nasce il primo museo dei bambini
96/97,Una donna del Settecento che diventò maestra di cappella
96/97,"La provincia verde. Macchiagrande, le testuggini fra le orchidee"
96/97,Una mappa per i turisti fra le suggestioni della capitale
96/97,Dagli alberghi ai conventi: le cifre dell'ospitalità
