annata,fascicolo,sezione,nome_normalizzato,tipo,relazione,pagina,collocazione,riferimento,note,origine
81/82,Cagliari - Nuoro - Oristano - Sassari 81,Cagliari - Sommario e Nota dell'editore,Cagliari - Sommario,,,1,,,,rilevata
81/82,Cagliari - Nuoro - Oristano - Sassari 81,Conosci la tua città?,Conosci la tua città?,,,2,,,,rilevata
81/82,Cagliari - Nuoro - Oristano - Sassari 81,Trasporti,Trasporti,,,3,,,,rilevata
81/82,Cagliari - Nuoro - Oristano - Sassari 81,Sanità,Sanità,,,4,,,,rilevata
81/82,Cagliari - Nuoro - Oristano - Sassari 81,Istruzione e Sport,Istruzione e Sport,,,6,,,,rilevata
81/82,Cagliari - Nuoro - Oristano - Sassari 81,Cosa e dove,Cosa e dove,,,7,,,,rilevata
81/82,Cagliari - Nuoro - Oristano - Sassari 81,Comuni della Provincia di Cagliari,Comuni della Provincia di Cagliari,,,9,,,Notizie di pubblico interesse e indirizzi utili,rilevata
81/82,Cagliari - Nuoro - Oristano - Sassari 81,La Provincia di Cagliari,La Provincia di Cagliari,cartografia,,10,,,Carta stradale della provincia,rilevata
81/82,Cagliari - Nuoro - Oristano - Sassari 81,Le vie di accesso a Cagliari,Le vie di accesso a Cagliari,,,11,,,Mappa,rilevata
81/82,Cagliari - Nuoro - Oristano - Sassari 81,Elenco delle vie,Elenco vie,,,12,,,"2 pagine, cornice gialla, con foto della città",rilevata
81/82,Cagliari - Nuoro - Oristano - Sassari 81,Tavole topografiche,Tavole topografiche,cartografia,,14,,,"6 tavole, 6 pagine",rilevata
81/82,Cagliari - Nuoro - Oristano - Sassari 81,Elenco delle vie,Elenco vie,,,20,pagina a fronte,Quartu Sant'Elena,,dedotta dalla nota della tavola
81/82,Cagliari - Nuoro - Oristano - Sassari 81,Nuoro - Sommario,Nuoro - Sommario,,,22,,,,rilevata
81/82,Cagliari - Nuoro - Oristano - Sassari 81,Conosci la tua città?,Conosci la tua città?,,,23,,,,rilevata
81/82,Cagliari - Nuoro - Oristano - Sassari 81,Trasporti,Trasporti,,,23,,,,rilevata
81/82,Cagliari - Nuoro - Oristano - Sassari 81,Sanità,Sanità,,,23,,,,rilevata
81/82,Cagliari - Nuoro - Oristano - Sassari 81,Istruzione e Sport,Istruzione e Sport,,,24,,,,rilevata
81/82,Cagliari - Nuoro - Oristano - Sassari 81,Cosa e dove,Cosa e dove,,,25,,,,rilevata
81/82,Cagliari - Nuoro - Oristano - Sassari 81,La Provincia di Nuoro,La Provincia di Nuoro,cartografia,,26,,,Carta stradale della provincia,rilevata
81/82,Cagliari - Nuoro - Oristano - Sassari 81,Le vie di accesso a Nuoro,Le vie di accesso a Nuoro,,,27,,,Mappa,rilevata
81/82,Cagliari - Nuoro - Oristano - Sassari 81,Elenco delle vie,Elenco vie,,,28,,,"1 pagina, cornice gialla, con foto della città",rilevata
81/82,Cagliari - Nuoro - Oristano - Sassari 81,Tavole topografiche,Tavole topografiche,cartografia,,29,,,"1 tavola, 1 pagina",rilevata
81/82,Cagliari - Nuoro - Oristano - Sassari 81,Oristano - Sommario,Oristano - Sommario,,,30,,,,rilevata
81/82,Cagliari - Nuoro - Oristano - Sassari 81,Conosci la tua città?,Conosci la tua città?,,,31,,,,rilevata
81/82,Cagliari - Nuoro - Oristano - Sassari 81,Trasporti,Trasporti,,,31,,,,rilevata
81/82,Cagliari - Nuoro - Oristano - Sassari 81,Sanità,Sanità,,,32,,,,rilevata
81/82,Cagliari - Nuoro - Oristano - Sassari 81,Istruzione e Sport,Istruzione e Sport,,,32,,,,rilevata
81/82,Cagliari - Nuoro - Oristano - Sassari 81,Cosa e dove,Cosa e dove,,,33,,,,rilevata
81/82,Cagliari - Nuoro - Oristano - Sassari 81,La Provincia di Oristano,La Provincia di Oristano,cartografia,,34,,,Carta stradale della provincia,rilevata
81/82,Cagliari - Nuoro - Oristano - Sassari 81,Le vie di accesso a Oristano,Le vie di accesso a Oristano,,,35,,,Mappa,rilevata
81/82,Cagliari - Nuoro - Oristano - Sassari 81,Elenco delle vie,Elenco vie,,,36,,,"1 pagina, cornice gialla, con foto della città",rilevata
81/82,Cagliari - Nuoro - Oristano - Sassari 81,Tavole topografiche,Tavole topografiche,cartografia,,37,,,"1 tavola, 1 pagina",rilevata
81/82,Cagliari - Nuoro - Oristano - Sassari 81,Sassari - Sommario,Sassari - Sommario,,,39,,,,rilevata
81/82,Cagliari - Nuoro - Oristano - Sassari 81,Conosci la tua città?,Conosci la tua città?,,,40,,,,rilevata
81/82,Cagliari - Nuoro - Oristano - Sassari 81,Trasporti,Trasporti,,,40,,,,rilevata
81/82,Cagliari - Nuoro - Oristano - Sassari 81,Sanità,Sanità,,,41,,,,rilevata
81/82,Cagliari - Nuoro - Oristano - Sassari 81,Istruzione e Sport,Istruzione e Sport,,,42,,,,rilevata
81/82,Cagliari - Nuoro - Oristano - Sassari 81,Cosa e dove,Cosa e dove,,,42,,,,rilevata
81/82,Cagliari - Nuoro - Oristano - Sassari 81,Comuni della Provincia di Sassari,Comuni della Provincia di Sassari,,,44,,,Notizie di pubblico interesse e indirizzi utili,rilevata
81/82,Cagliari - Nuoro - Oristano - Sassari 81,La Provincia di Sassari,La Provincia di Sassari,cartografia,,46,,,Carta stradale della provincia,rilevata
81/82,Cagliari - Nuoro - Oristano - Sassari 81,Le vie di accesso a Sassari,Le vie di accesso a Sassari,,,47,,,Mappa,rilevata
81/82,Cagliari - Nuoro - Oristano - Sassari 81,Elenco delle vie,Elenco vie,,,48,,,"1 pagina, cornice gialla, con foto della città",rilevata
81/82,Cagliari - Nuoro - Oristano - Sassari 81,Tavole topografiche,Tavole topografiche,cartografia,,49,,,"3 tavole, 3 pagine",rilevata
81/82,Cagliari - Nuoro - Oristano - Sassari 81,Elenco delle vie,Elenco vie,,,52,pagina a fronte,Alghero,,dedotta dalla nota della tavola
81/82,Cagliari - Nuoro - Oristano - Sassari 81,Elenco delle vie,Elenco vie,,,54,pagina a fronte,Olbia,,dedotta dalla nota della tavola
82/83,Cagliari - Nuoro - Oristano - Sassari 82,Cagliari - Sommario,Cagliari - Sommario,,,1,,,,rilevata
82/83,Cagliari - Nuoro - Oristano - Sassari 82,Conosci la tua città?,Conosci la tua città?,,,2,,,,rilevata
82/83,Cagliari - Nuoro - Oristano - Sassari 82,Trasporti,Trasporti,,,4,,,,rilevata
82/83,Cagliari - Nuoro - Oristano - Sassari 82,Sanità,Sanità,,,5,,,,rilevata
82/83,Cagliari - Nuoro - Oristano - Sassari 82,Istruzione e Sport,Istruzione e Sport,,,7,,,,rilevata
82/83,Cagliari - Nuoro - Oristano - Sassari 82,Cosa e dove,Cosa e dove,,,9,,,,rilevata
82/83,Cagliari - Nuoro - Oristano - Sassari 82,Comuni della Provincia di Cagliari,Comuni della Provincia di Cagliari,,,11,,,Notizie di pubblico interesse e indirizzi utili,rilevata
82/83,Cagliari - Nuoro - Oristano - Sassari 82,La Provincia di Cagliari,La Provincia di Cagliari,cartografia,,12,,,Carta stradale della provincia,rilevata
82/83,Cagliari - Nuoro - Oristano - Sassari 82,Le vie di accesso a Cagliari,Le vie di accesso a Cagliari,,,13,,,Mappa,rilevata
82/83,Cagliari - Nuoro - Oristano - Sassari 82,Elenco delle vie,Elenco vie,,,14,,,"2 pagine, cornice grigia, con foto della città",rilevata
82/83,Cagliari - Nuoro - Oristano - Sassari 82,Tavole topografiche,Tavole topografiche,cartografia,,16,,,"6 tavole, 6 pagine",rilevata
82/83,Cagliari - Nuoro - Oristano - Sassari 82,Elenco delle vie,Elenco vie,,,22,margini,Carbonia,,dedotta dalla nota della tavola
82/83,Cagliari - Nuoro - Oristano - Sassari 82,Elenco delle vie,Elenco vie,,,24,margini,Quartu Sant'Elena,,dedotta dalla nota della tavola
82/83,Cagliari - Nuoro - Oristano - Sassari 82,Il Nuorese,Il Nuorese,,,26,,,Mappa illustrata della provincia,rilevata
82/83,Cagliari - Nuoro - Oristano - Sassari 82,Nuoro - Sommario,Nuoro - Sommario,,,27,,,,rilevata
82/83,Cagliari - Nuoro - Oristano - Sassari 82,Conosci la tua città?,Conosci la tua città?,,,28,,,,rilevata
82/83,Cagliari - Nuoro - Oristano - Sassari 82,Trasporti,Trasporti,,,28,,,,rilevata
82/83,Cagliari - Nuoro - Oristano - Sassari 82,Sanità,Sanità,,,28,,,,rilevata
82/83,Cagliari - Nuoro - Oristano - Sassari 82,Istruzione e Sport,Istruzione e Sport,,,29,,,,rilevata
82/83,Cagliari - Nuoro - Oristano - Sassari 82,Cosa e dove,Cosa e dove,,,30,,,,rilevata
82/83,Cagliari - Nuoro - Oristano - Sassari 82,La Provincia di Nuoro,La Provincia di Nuoro,cartografia,,31,,,Carta stradale della provincia,rilevata
82/83,Cagliari - Nuoro - Oristano - Sassari 82,Elenco delle vie,Elenco vie,,,32,margini,Nuoro,,dedotta dalla nota della tavola
82/83,Cagliari - Nuoro - Oristano - Sassari 82,Tavole topografiche,Tavole topografiche,cartografia,,32,,,"1 tavola, 2 pagine; elenco delle vie ai margini; illustrazioni di monumenti",rilevata
82/83,Cagliari - Nuoro - Oristano - Sassari 82,L'Oristanese,L'Oristanese,,,34,,,Mappa illustrata della provincia,rilevata
82/83,Cagliari - Nuoro - Oristano - Sassari 82,Oristano - Sommario,Oristano - Sommario,,,35,,,,rilevata
82/83,Cagliari - Nuoro - Oristano - Sassari 82,Conosci la tua città?,Conosci la tua città?,,,36,,,,rilevata
82/83,Cagliari - Nuoro - Oristano - Sassari 82,Trasporti,Trasporti,,,36,,,,rilevata
82/83,Cagliari - Nuoro - Oristano - Sassari 82,Sanità,Sanità,,,37,,,,rilevata
82/83,Cagliari - Nuoro - Oristano - Sassari 82,Istruzione e Sport,Istruzione e Sport,,,37,,,,rilevata
82/83,Cagliari - Nuoro - Oristano - Sassari 82,Cosa e dove,Cosa e dove,,,38,,,,rilevata
82/83,Cagliari - Nuoro - Oristano - Sassari 82,La Provincia di Oristano,La Provincia di Oristano,cartografia,,39,,,Carta stradale della provincia,rilevata
82/83,Cagliari - Nuoro - Oristano - Sassari 82,Elenco delle vie,Elenco vie,,,40,margini,Oristano,,dedotta dalla nota della tavola
82/83,Cagliari - Nuoro - Oristano - Sassari 82,Tavole topografiche,Tavole topografiche,cartografia,,40,,,"1 tavola, 2 pagine; elenco delle vie ai margini; illustrazioni di monumenti",rilevata
82/83,Cagliari - Nuoro - Oristano - Sassari 82,Sassari - Sommario,Sassari - Sommario,,,43,,,,rilevata
82/83,Cagliari - Nuoro - Oristano - Sassari 82,Conosci la tua città?,Conosci la tua città?,,,44,,,,rilevata
82/83,Cagliari - Nuoro - Oristano - Sassari 82,Trasporti,Trasporti,,,45,,,,rilevata
82/83,Cagliari - Nuoro - Oristano - Sassari 82,Sanità,Sanità,,,46,,,,rilevata
82/83,Cagliari - Nuoro - Oristano - Sassari 82,Istruzione e Sport,Istruzione e Sport,,,47,,,,rilevata
82/83,Cagliari - Nuoro - Oristano - Sassari 82,Cosa e dove,Cosa e dove,,,48,,,,rilevata
82/83,Cagliari - Nuoro - Oristano - Sassari 82,Comuni della Provincia di Sassari,Comuni della Provincia di Sassari,,,50,,,Notizie di pubblico interesse e indirizzi utili,rilevata
82/83,Cagliari - Nuoro - Oristano - Sassari 82,La Provincia di Sassari,La Provincia di Sassari,cartografia,,52,,,Carta stradale della provincia,rilevata
82/83,Cagliari - Nuoro - Oristano - Sassari 82,Le vie di accesso a Sassari,Le vie di accesso a Sassari,,,53,,,Mappa,rilevata
82/83,Cagliari - Nuoro - Oristano - Sassari 82,Elenco delle vie,Elenco vie,,,54,,,"1 pagina, cornice grigia",rilevata
82/83,Cagliari - Nuoro - Oristano - Sassari 82,Tavole topografiche,Tavole topografiche,cartografia,,55,,,"3 tavole, 3 pagine",rilevata
82/83,Cagliari - Nuoro - Oristano - Sassari 82,Elenco delle vie,Elenco vie,,,58,margini,Alghero,,dedotta dalla nota della tavola
82/83,Cagliari - Nuoro - Oristano - Sassari 82,Elenco delle vie,Elenco vie,,,60,margini,Olbia,,dedotta dalla nota della tavola
82/83,Cagliari - Nuoro - Oristano - Sassari 82,Elenco delle vie,Elenco vie,,,62,margini,Porto Torres,,dedotta dalla nota della tavola
83/84,Cagliari - Nuoro - Oristano - Sassari 83,Cagliari - Sommario,Cagliari - Sommario,,,1,,,,rilevata
83/84,Cagliari - Nuoro - Oristano - Sassari 83,Conosci la tua città?,Conosci la tua città?,,,2,,,,rilevata
83/84,Cagliari - Nuoro - Oristano - Sassari 83,Trasporti,Trasporti,,,4,,,,rilevata
83/84,Cagliari - Nuoro - Oristano - Sassari 83,Sanità,Sanità,,,5,,,,rilevata
83/84,Cagliari - Nuoro - Oristano - Sassari 83,Istruzione e Sport,Istruzione e Sport,,,7,,,,rilevata
83/84,Cagliari - Nuoro - Oristano - Sassari 83,Cosa e dove,Cosa e dove,,,9,,,,rilevata
83/84,Cagliari - Nuoro - Oristano - Sassari 83,Comuni della Provincia di Cagliari,Comuni della Provincia di Cagliari,,,11,,,Notizie di pubblico interesse e indirizzi utili,rilevata
83/84,Cagliari - Nuoro - Oristano - Sassari 83,La Provincia di Cagliari,La Provincia di Cagliari,cartografia,,12,,,Carta stradale della provincia,rilevata
83/84,Cagliari - Nuoro - Oristano - Sassari 83,Le vie di accesso a Cagliari,Le vie di accesso a Cagliari,,,13,,,Mappa,rilevata
83/84,Cagliari - Nuoro - Oristano - Sassari 83,Elenco delle vie,Elenco vie,,,14,,,"2 pagine, cornice grigia, illustrazioni dei monumenti",rilevata
83/84,Cagliari - Nuoro - Oristano - Sassari 83,Tavole topografiche,Tavole topografiche,cartografia,,16,,,"6 tavole, 6 pagine",rilevata
83/84,Cagliari - Nuoro - Oristano - Sassari 83,Elenco delle vie,Elenco vie,,,22,margini,Carbonia,,dedotta dalla nota della tavola
83/84,Cagliari - Nuoro - Oristano - Sassari 83,Elenco delle vie,Elenco vie,,,24,margini,Quartu Sant'Elena,,dedotta dalla nota della tavola
83/84,Cagliari - Nuoro - Oristano - Sassari 83,Il Nuorese,Il Nuorese,,,26,,,Mappa illustrata della provincia,rilevata
83/84,Cagliari - Nuoro - Oristano - Sassari 83,Nuoro - Sommario,Nuoro - Sommario,,,27,,,,rilevata
83/84,Cagliari - Nuoro - Oristano - Sassari 83,Conosci la tua città?,Conosci la tua città?,,,27,,,,rilevata
83/84,Cagliari - Nuoro - Oristano - Sassari 83,Trasporti,Trasporti,,,28,,,,rilevata
83/84,Cagliari - Nuoro - Oristano - Sassari 83,Sanità,Sanità,,,28,,,,rilevata
83/84,Cagliari - Nuoro - Oristano - Sassari 83,Istruzione e Sport,Istruzione e Sport,,,29,,,,rilevata
83/84,Cagliari - Nuoro - Oristano - Sassari 83,Cosa e dove,Cosa e dove,,,30,,,,rilevata
83/84,Cagliari - Nuoro - Oristano - Sassari 83,La Provincia di Nuoro,La Provincia di Nuoro,cartografia,,31,,,Carta stradale della provincia,rilevata
83/84,Cagliari - Nuoro - Oristano - Sassari 83,Elenco delle vie,Elenco vie,,,32,margini,Nuoro,,dedotta dalla nota della tavola
83/84,Cagliari - Nuoro - Oristano - Sassari 83,Tavole topografiche,Tavole topografiche,cartografia,,32,,,"1 tavola, 2 pagine; elenco delle vie ai margini; illustrazioni di monumenti",rilevata
83/84,Cagliari - Nuoro - Oristano - Sassari 83,L'Oristanese,L'Oristanese,,,34,,,Mappa illustrata della provincia,rilevata
83/84,Cagliari - Nuoro - Oristano - Sassari 83,Oristano - Sommario,Oristano - Sommario,,,35,,,,rilevata
83/84,Cagliari - Nuoro - Oristano - Sassari 83,Conosci la tua città?,Conosci la tua città?,,,35,,,,rilevata
83/84,Cagliari - Nuoro - Oristano - Sassari 83,Trasporti,Trasporti,,,36,,,,rilevata
83/84,Cagliari - Nuoro - Oristano - Sassari 83,Sanità,Sanità,,,37,,,,rilevata
83/84,Cagliari - Nuoro - Oristano - Sassari 83,Istruzione e Sport,Istruzione e Sport,,,37,,,,rilevata
83/84,Cagliari - Nuoro - Oristano - Sassari 83,Cosa e dove,Cosa e dove,,,38,,,,rilevata
83/84,Cagliari - Nuoro - Oristano - Sassari 83,La Provincia di Oristano,La Provincia di Oristano,cartografia,,39,,,Carta stradale della provincia,rilevata
83/84,Cagliari - Nuoro - Oristano - Sassari 83,Elenco delle vie,Elenco vie,,,40,margini,Oristano,,dedotta dalla nota della tavola
83/84,Cagliari - Nuoro - Oristano - Sassari 83,Tavole topografiche,Tavole topografiche,cartografia,,40,,,"1 tavola, 2 pagine; elenco delle vie ai margini; illustrazioni di monumenti",rilevata
83/84,Cagliari - Nuoro - Oristano - Sassari 83,Sassari - Sommario,Sassari - Sommario,,,43,,,,rilevata
83/84,Cagliari - Nuoro - Oristano - Sassari 83,Conosci la tua città?,Conosci la tua città?,,,43,,,,rilevata
83/84,Cagliari - Nuoro - Oristano - Sassari 83,Trasporti,Trasporti,,,45,,,,rilevata
83/84,Cagliari - Nuoro - Oristano - Sassari 83,Sanità,Sanità,,,46,,,,rilevata
83/84,Cagliari - Nuoro - Oristano - Sassari 83,Istruzione e Sport,Istruzione e Sport,,,47,,,,rilevata
83/84,Cagliari - Nuoro - Oristano - Sassari 83,Cosa e dove,Cosa e dove,,,48,,,,rilevata
83/84,Cagliari - Nuoro - Oristano - Sassari 83,Comuni della Provincia di Sassari,Comuni della Provincia di Sassari,,,50,,,Notizie di pubblico interesse e indirizzi utili,rilevata
83/84,Cagliari - Nuoro - Oristano - Sassari 83,La Provincia di Sassari,La Provincia di Sassari,cartografia,,52,,,Carta stradale della provincia,rilevata
83/84,Cagliari - Nuoro - Oristano - Sassari 83,Le vie di accesso a Sassari,Le vie di accesso a Sassari,,,53,,,Mappa,rilevata
83/84,Cagliari - Nuoro - Oristano - Sassari 83,Elenco delle vie,Elenco vie,,,54,,,"1 pagina, cornice grigia",rilevata
83/84,Cagliari - Nuoro - Oristano - Sassari 83,Tavole topografiche,Tavole topografiche,cartografia,,55,,,"3 tavole, 3 pagine",rilevata
83/84,Cagliari - Nuoro - Oristano - Sassari 83,Elenco delle vie,Elenco vie,,,58,margini,Alghero,,dedotta dalla nota della tavola
83/84,Cagliari - Nuoro - Oristano - Sassari 83,Elenco delle vie,Elenco vie,,,60,margini,Olbia,,dedotta dalla nota della tavola
83/84,Cagliari - Nuoro - Oristano - Sassari 83,Elenco delle vie,Elenco vie,,,62,margini,Porto Torres,,dedotta dalla nota della tavola
84/85,Cagliari - Oristano 84,Cagliari - Sommario,Cagliari - Sommario,,,1,,,,rilevata
84/85,Cagliari - Oristano 84,Conosci la tua città?,Conosci la tua città?,,,2,,,,rilevata
84/85,Cagliari - Oristano 84,Costituzione della Repubblica Italiana,Costituzione della Repubblica Italiana,inserto,,3,,,"Inserto sui primi 54 articoli della Costituzione, 2 pagine su fondo azzurro",rilevata
84/85,Cagliari - Oristano 84,Trasporti,Trasporti,,,6,,,,rilevata
84/85,Cagliari - Oristano 84,Sanità,Sanità,,,6,,,,rilevata
84/85,Cagliari - Oristano 84,Istruzione e Sport,Istruzione e Sport,,,8,,,,rilevata
84/85,Cagliari - Oristano 84,Cosa e dove,Cosa e dove,,,10,,,,rilevata
84/85,Cagliari - Oristano 84,La Provincia di Cagliari,La Provincia di Cagliari,cartografia,,12,,,Carta stradale della provincia,rilevata
84/85,Cagliari - Oristano 84,Le vie di accesso a Cagliari,Le vie di accesso a Cagliari,,,13,,,Mappa,rilevata
84/85,Cagliari - Oristano 84,Elenco delle vie,Elenco vie,,,14,,,"2 pagine, cornice grigia, illustrazioni dei monumenti",rilevata
84/85,Cagliari - Oristano 84,Tavole topografiche,Tavole topografiche,cartografia,,16,,,"7 tavole, 7 pagine",rilevata
84/85,Cagliari - Oristano 84,Comuni della Provincia di Cagliari,Comuni della Provincia di Cagliari,,,24,,,Notizie di pubblico interesse e indirizzi utili,rilevata
84/85,Cagliari - Oristano 84,Elenco delle vie,Elenco vie,,,26,margini,Carbonia,,dedotta dalla nota della tavola
84/85,Cagliari - Oristano 84,Tavole topografiche,Tavole topografiche,cartografia,,26,,,"1 tavola, 2 pagine; elenco delle vie ai margini; illustrazioni di monumenti",rilevata
84/85,Cagliari - Oristano 84,Elenco delle vie,Elenco vie,,,28,margini,Iglesias,,dedotta dalla nota della tavola
84/85,Cagliari - Oristano 84,Elenco delle vie,Elenco vie,,,30,margini,Quartu Sant'Elena,,dedotta dalla nota della tavola
84/85,Cagliari - Oristano 84,L'Oristanese,L'Oristanese,,,32,,,Mappa illustrata della provincia,rilevata
84/85,Cagliari - Oristano 84,Oristano - Sommario,Oristano - Sommario,,,33,,,,rilevata
84/85,Cagliari - Oristano 84,Conosci la tua città?,Conosci la tua città?,,,34,,,,rilevata
84/85,Cagliari - Oristano 84,Trasporti,Trasporti,,,35,,,,rilevata
84/85,Cagliari - Oristano 84,Sanità,Sanità,,,35,,,,rilevata
84/85,Cagliari - Oristano 84,Istruzione e Sport,Istruzione e Sport,,,35,,,,rilevata
84/85,Cagliari - Oristano 84,Cosa e dove,Cosa e dove,,,36,,,,rilevata
84/85,Cagliari - Oristano 84,La Provincia di Oristano,La Provincia di Oristano,cartografia,,37,,,Carta stradale della provincia,rilevata
84/85,Cagliari - Oristano 84,Elenco delle vie,Elenco vie,,,38,margini,Oristano,,dedotta dalla nota della tavola
84/85,Cagliari - Oristano 84,Tavole topografiche,Tavole topografiche,cartografia,,38,,,"1 tavola, 2 pagine; elenco delle vie ai margini; illustrazioni di monumenti",rilevata
84/85,Nuoro - Sassari 84,Nuoro - Sommario,Nuoro - Sommario,,,1,,,,rilevata
84/85,Nuoro - Sassari 84,Conosci la tua città?,Conosci la tua città?,,,2,,,,rilevata
84/85,Nuoro - Sassari 84,Trasporti,Trasporti,,,2,,,,rilevata
84/85,Nuoro - Sassari 84,Sanità,Sanità,,,2,,,,rilevata
84/85,Nuoro - Sassari 84,Costituzione della Repubblica Italiana,Costituzione della Repubblica Italiana,inserto,,3,,,"Inserto sui primi 54 articoli della Costituzione, 2 pagine su fondo azzurro",rilevata
84/85,Nuoro - Sassari 84,Istruzione e Sport,Istruzione e Sport,,,5,,,,rilevata
84/85,Nuoro - Sassari 84,Cosa e dove,Cosa e dove,,,6,,,,rilevata
84/85,Nuoro - Sassari 84,La Provincia di Nuoro,La Provincia di Nuoro,cartografia,,7,,,Carta stradale della provincia,rilevata
84/85,Nuoro - Sassari 84,Elenco delle vie,Elenco vie,,,8,margini,Nuoro,,dedotta dalla nota della tavola
84/85,Nuoro - Sassari 84,Tavole topografiche,Tavole topografiche,cartografia,,8,,,"1 tavola, 2 pagine; elenco delle vie ai margini; illustrazioni di monumenti",rilevata
84/85,Nuoro - Sassari 84,Il Nuorese,Il Nuorese,,,10,,,Mappa illustrata della provincia,rilevata
84/85,Nuoro - Sassari 84,Sassari - Sommario,Sassari - Sommario,,,12,,,,rilevata
84/85,Nuoro - Sassari 84,Conosci la tua città?,Conosci la tua città?,,,13,,,,rilevata
84/85,Nuoro - Sassari 84,Trasporti,Trasporti,,,13,,,,rilevata
84/85,Nuoro - Sassari 84,Sanità,Sanità,,,14,,,,rilevata
84/85,Nuoro - Sassari 84,Istruzione e Sport,Istruzione e Sport,,,15,,,,rilevata
84/85,Nuoro - Sassari 84,Cosa e dove,Cosa e dove,,,16,,,,rilevata
84/85,Nuoro - Sassari 84,La Provincia di Sassari,La Provincia di Sassari,cartografia,,18,,,Carta stradale della provincia,rilevata
84/85,Nuoro - Sassari 84,Le vie di accesso a Sassari,Le vie di accesso a Sassari,,,19,,,Mappa,rilevata
84/85,Nuoro - Sassari 84,Elenco delle vie,Elenco vie,,,20,,,"1 pagina, cornice grigia",rilevata
84/85,Nuoro - Sassari 84,Tavole topografiche,Tavole topografiche,cartografia,,21,,,"3 tavole, 3 pagine",rilevata
84/85,Nuoro - Sassari 84,Comuni della Provincia di Sassari,Comuni della Provincia di Sassari,,,24,,,Notizie di pubblico interesse e indirizzi utili,rilevata
84/85,Nuoro - Sassari 84,Elenco delle vie,Elenco vie,,,26,margini,Alghero,,dedotta dalla nota della tavola
84/85,Nuoro - Sassari 84,Tavole topografiche,Tavole topografiche,cartografia,,26,,,"1 tavola, 2 pagine; elenco delle vie ai margini; illustrazioni di monumenti",rilevata
84/85,Nuoro - Sassari 84,Elenco delle vie,Elenco vie,,,28,margini,Olbia,,dedotta dalla nota della tavola
84/85,Nuoro - Sassari 84,Elenco delle vie,Elenco vie,,,30,margini,Porto Torres,,dedotta dalla nota della tavola
85/86,Cagliari - Oristano 85,Cagliari - Sommario,Cagliari - Sommario,,,1,,,,rilevata
85/86,Cagliari - Oristano 85,Conosci la tua città?,Conosci la tua città?,,,3,,,,rilevata
85/86,Cagliari - Oristano 85,Trasporti,Trasporti,,,5,,,,rilevata
85/86,Cagliari - Oristano 85,Sanità,Sanità,,,6,,,,rilevata
85/86,Cagliari - Oristano 85,Istruzione e Sport,Istruzione e Sport,,,8,,,,rilevata
85/86,Cagliari - Oristano 85,Cosa e dove,Cosa e dove,,,10,,,,rilevata
85/86,Cagliari - Oristano 85,La Provincia di Cagliari,La Provincia di Cagliari,cartografia,,12,,,Carta stradale della provincia,rilevata
85/86,Cagliari - Oristano 85,Le vie di accesso a Cagliari,Le vie di accesso a Cagliari,,,13,,,Mappa,rilevata
85/86,Cagliari - Oristano 85,Elenco delle vie,Elenco vie,,,14,,,"2 pagine, cornice grigia, illustrazioni dei monumenti",rilevata
85/86,Cagliari - Oristano 85,Tavole topografiche,Tavole topografiche,cartografia,,16,,,"7 tavole, 7 pagine",rilevata
85/86,Cagliari - Oristano 85,Comuni della Provincia di Cagliari,Comuni della Provincia di Cagliari,,,23,,,Notizie di pubblico interesse e indirizzi utili,rilevata
85/86,Cagliari - Oristano 85,Elenco delle vie,Elenco vie,,,26,margini,Carbonia,,dedotta dalla nota della tavola
85/86,Cagliari - Oristano 85,Tavole topografiche,Tavole topografiche,cartografia,,26,,,"1 tavola, 2 pagine; elenco delle vie ai margini; illustrazioni di monumenti",rilevata
85/86,Cagliari - Oristano 85,Elenco delle vie,Elenco vie,,,28,margini,Iglesias,,dedotta dalla nota della tavola
85/86,Cagliari - Oristano 85,Elenco delle vie,Elenco vie,,,30,margini,Quartu Sant'Elena,,dedotta dalla nota della tavola
85/86,Cagliari - Oristano 85,L'Oristanese,L'Oristanese,,,32,,,Mappa illustrata della provincia,rilevata
85/86,Cagliari - Oristano 85,Oristano - Sommario,Oristano - Sommario,,,33,,,,rilevata
85/86,Cagliari - Oristano 85,Conosci la tua città?,Conosci la tua città?,,,34,,,,rilevata
85/86,Cagliari - Oristano 85,Trasporti,Trasporti,,,34,,,,rilevata
85/86,Cagliari - Oristano 85,Sanità,Sanità,,,35,,,,rilevata
85/86,Cagliari - Oristano 85,Istruzione e Sport,Istruzione e Sport,,,35,,,,rilevata
85/86,Cagliari - Oristano 85,Cosa e dove,Cosa e dove,,,36,,,,rilevata
85/86,Cagliari - Oristano 85,La Provincia di Oristano,La Provincia di Oristano,cartografia,,37,,,Carta stradale della provincia,rilevata
85/86,Cagliari - Oristano 85,Elenco delle vie,Elenco vie,,,38,margini,Oristano,,dedotta dalla nota della tavola
85/86,Cagliari - Oristano 85,Tavole topografiche,Tavole topografiche,cartografia,,38,,,"1 tavola, 2 pagine; elenco delle vie ai margini; illustrazioni di monumenti",rilevata
85/86,Nuoro - Sassari 85,Nuoro - Sommario,Nuoro - Sommario,,,1,,,,rilevata
85/86,Nuoro - Sassari 85,Il Nuorese,Il Nuorese,,,3,,,Mappa illustrata della provincia,rilevata
85/86,Nuoro - Sassari 85,Conosci la tua città?,Conosci la tua città?,,,4,,,,rilevata
85/86,Nuoro - Sassari 85,Trasporti,Trasporti,,,4,,,,rilevata
85/86,Nuoro - Sassari 85,Sanità,Sanità,,,4,,,,rilevata
85/86,Nuoro - Sassari 85,Istruzione e Sport,Istruzione e Sport,,,5,,,,rilevata
85/86,Nuoro - Sassari 85,Cosa e dove,Cosa e dove,,,6,,,,rilevata
85/86,Nuoro - Sassari 85,La Provincia di Nuoro,La Provincia di Nuoro,cartografia,,7,,,Carta stradale della provincia,rilevata
85/86,Nuoro - Sassari 85,Elenco delle vie,Elenco vie,,,8,margini,Nuoro,,dedotta dalla nota della tavola
85/86,Nuoro - Sassari 85,Tavole topografiche,Tavole topografiche,cartografia,,8,,,"1 tavola, 2 pagine; elenco delle vie ai margini; illustrazioni di monumenti",rilevata
85/86,Nuoro - Sassari 85,Sassari - Sommario,Sassari - Sommario,,,11,,,,rilevata
85/86,Nuoro - Sassari 85,Conosci la tua città?,Conosci la tua città?,,,12,,,,rilevata
85/86,Nuoro - Sassari 85,Trasporti,Trasporti,,,13,,,,rilevata
85/86,Nuoro - Sassari 85,Sanità,Sanità,,,14,,,,rilevata
85/86,Nuoro - Sassari 85,Istruzione e Sport,Istruzione e Sport,,,15,,,,rilevata
85/86,Nuoro - Sassari 85,Cosa e dove,Cosa e dove,,,16,,,,rilevata
85/86,Nuoro - Sassari 85,La Provincia di Sassari,La Provincia di Sassari,cartografia,,18,,,Carta stradale della provincia,rilevata
85/86,Nuoro - Sassari 85,Le vie di accesso a Sassari,Le vie di accesso a Sassari,,,19,,,Mappa,rilevata
85/86,Nuoro - Sassari 85,Elenco delle vie,Elenco vie,,,20,,,"1 pagina, cornice grigia",rilevata
85/86,Nuoro - Sassari 85,Tavole topografiche,Tavole topografiche,cartografia,,21,,,"3 tavole, 3 pagine",rilevata
85/86,Nuoro - Sassari 85,Comuni della Provincia di Sassari,Comuni della Provincia di Sassari,,,24,,,Notizie di pubblico interesse e indirizzi utili,rilevata
85/86,Nuoro - Sassari 85,Elenco delle vie,Elenco vie,,,26,margini,Alghero,,dedotta dalla nota della tavola
85/86,Nuoro - Sassari 85,Tavole topografiche,Tavole topografiche,cartografia,,26,,,"1 tavola, 2 pagine; elenco delle vie ai margini; illustrazioni di monumenti",rilevata
85/86,Nuoro - Sassari 85,Elenco delle vie,Elenco vie,,,28,margini,Olbia,,dedotta dalla nota della tavola
85/86,Nuoro - Sassari 85,Elenco delle vie,Elenco vie,,,30,margini,Porto Torres,,dedotta dalla nota della tavola
86/87,Cagliari - Oristano 86,Cagliari - Sommario,Cagliari - Sommario,,,1,,,,rilevata
86/87,Cagliari - Oristano 86,Conosci la tua città?,Conosci la tua città?,,,3,,,,rilevata
86/87,Cagliari - Oristano 86,Trasporti,Trasporti,,,5,,,,rilevata
86/87,Cagliari - Oristano 86,Sanità,Sanità,,,6,,,,rilevata
86/87,Cagliari - Oristano 86,Istruzione e Sport,Istruzione e Sport,,,8,,,,rilevata
86/87,Cagliari - Oristano 86,Cosa e dove,Cosa e dove,,,9,,,,rilevata
86/87,Cagliari - Oristano 86,La Provincia di Cagliari,La Provincia di Cagliari,cartografia,,12,,,Carta stradale della provincia,rilevata
86/87,Cagliari - Oristano 86,Le vie di accesso a Cagliari,Le vie di accesso a Cagliari,,,13,,,Mappa,rilevata
86/87,Cagliari - Oristano 86,Elenco delle vie,Elenco vie,,,14,,,"2 pagine, cornice grigia, illustrazioni dei monumenti",rilevata
86/87,Cagliari - Oristano 86,Tavole topografiche,Tavole topografiche,cartografia,,16,,,"7 tavole, 7 pagine",rilevata
86/87,Cagliari - Oristano 86,Comuni della Provincia di Cagliari,Comuni della Provincia di Cagliari,,,23,,,Notizie di pubblico interesse e indirizzi utili,rilevata
86/87,Cagliari - Oristano 86,Elenco delle vie,Elenco vie,,,26,margini,Carbonia,,dedotta dalla nota della tavola
86/87,Cagliari - Oristano 86,Tavole topografiche,Tavole topografiche,cartografia,,26,,,"1 tavola, 2 pagine; elenco delle vie ai margini; illustrazioni di monumenti",rilevata
86/87,Cagliari - Oristano 86,Elenco delle vie,Elenco vie,,,28,margini,Iglesias,,dedotta dalla nota della tavola
86/87,Cagliari - Oristano 86,Elenco delle vie,Elenco vie,,,30,margini,Quartu Sant'Elena,,dedotta dalla nota della tavola
86/87,Cagliari - Oristano 86,L'Oristanese,L'Oristanese,,,32,,,Mappa illustrata della provincia,rilevata
86/87,Cagliari - Oristano 86,Oristano - Sommario,Oristano - Sommario,,,33,,,,rilevata
86/87,Cagliari - Oristano 86,Conosci la tua città?,Conosci la tua città?,,,34,,,,rilevata
86/87,Cagliari - Oristano 86,Trasporti,Trasporti,,,34,,,,rilevata
86/87,Cagliari - Oristano 86,Sanità,Sanità,,,35,,,,rilevata
86/87,Cagliari - Oristano 86,Istruzione e Sport,Istruzione e Sport,,,35,,,,rilevata
86/87,Cagliari - Oristano 86,Cosa e dove,Cosa e dove,,,35,,,,rilevata
86/87,Cagliari - Oristano 86,La Provincia di Oristano,La Provincia di Oristano,cartografia,,37,,,Carta stradale della provincia,rilevata
86/87,Cagliari - Oristano 86,Elenco delle vie,Elenco vie,,,38,margini,Oristano,,dedotta dalla nota della tavola
86/87,Cagliari - Oristano 86,Tavole topografiche,Tavole topografiche,cartografia,,38,,,"1 tavola, 2 pagine; elenco delle vie ai margini; illustrazioni di monumenti",rilevata
86/87,Nuoro - Sassari 86,Nuoro - Sommario,Nuoro - Sommario,,,1,,,,rilevata
86/87,Nuoro - Sassari 86,Il Nuorese,Il Nuorese,,,3,,,Mappa illustrata della provincia,rilevata
86/87,Nuoro - Sassari 86,Conosci la tua città?,Conosci la tua città?,,,4,,,,rilevata
86/87,Nuoro - Sassari 86,Trasporti,Trasporti,,,4,,,,rilevata
86/87,Nuoro - Sassari 86,Sanità,Sanità,,,4,,,,rilevata
86/87,Nuoro - Sassari 86,Istruzione e Sport,Istruzione e Sport,,,5,,,,rilevata
86/87,Nuoro - Sassari 86,Cosa e dove,Cosa e dove,,,5,,,,rilevata
86/87,Nuoro - Sassari 86,La Provincia di Nuoro,La Provincia di Nuoro,cartografia,,7,,,Carta stradale della provincia,rilevata
86/87,Nuoro - Sassari 86,Elenco delle vie,Elenco vie,,,8,margini,Nuoro,,dedotta dalla nota della tavola
86/87,Nuoro - Sassari 86,Tavole topografiche,Tavole topografiche,cartografia,,8,,,"1 tavola, 2 pagine; elenco delle vie ai margini; illustrazioni di monumenti",rilevata
86/87,Nuoro - Sassari 86,Sassari - Sommario,Sassari - Sommario,,,11,,,,rilevata
86/87,Nuoro - Sassari 86,Conosci la tua città?,Conosci la tua città?,,,12,,,,rilevata
86/87,Nuoro - Sassari 86,Trasporti,Trasporti,,,13,,,,rilevata
86/87,Nuoro - Sassari 86,Sanità,Sanità,,,13,,,,rilevata
86/87,Nuoro - Sassari 86,Istruzione e Sport,Istruzione e Sport,,,14,,,,rilevata
86/87,Nuoro - Sassari 86,Cosa e dove,Cosa e dove,,,15,,,,rilevata
86/87,Nuoro - Sassari 86,La Provincia di Sassari,La Provincia di Sassari,cartografia,,18,,,Carta stradale della provincia,rilevata
86/87,Nuoro - Sassari 86,Le vie di accesso a Sassari,Le vie di accesso a Sassari,,,19,,,Mappa,rilevata
86/87,Nuoro - Sassari 86,Elenco delle vie,Elenco vie,,,20,,,"1 pagina, cornice grigia",rilevata
86/87,Nuoro - Sassari 86,Tavole topografiche,Tavole topografiche,cartografia,,21,,,"3 tavole, 3 pagine",rilevata
86/87,Nuoro - Sassari 86,Comuni della Provincia di Sassari,Comuni della Provincia di Sassari,,,24,,,Notizie di pubblico interesse e indirizzi utili,rilevata
86/87,Nuoro - Sassari 86,Elenco delle vie,Elenco vie,,,26,margini,Alghero,,dedotta dalla nota della tavola
86/87,Nuoro - Sassari 86,Tavole topografiche,Tavole topografiche,cartografia,,26,,,"1 tavola, 2 pagine; elenco delle vie ai margini; illustrazioni di monumenti",rilevata
86/87,Nuoro - Sassari 86,Elenco delle vie,Elenco vie,,,28,margini,Olbia,,dedotta dalla nota della tavola
86/87,Nuoro - Sassari 86,Elenco delle vie,Elenco vie,,,30,margini,Porto Torres,,dedotta dalla nota della tavola
87/88,Cagliari - Oristano 87,Cagliari - Sommario,Cagliari - Sommario,,,1,,,,rilevata
87/88,Cagliari - Oristano 87,Conosci la tua città?,Conosci la tua città?,,,3,,,,rilevata
87/88,Cagliari - Oristano 87,Trasporti,Trasporti,,,4,,,,rilevata
87/88,Cagliari - Oristano 87,Sanità,Sanità,,,5,,,,rilevata
87/88,Cagliari - Oristano 87,Istruzione e Sport,Istruzione e Sport,,,8,,,,rilevata
87/88,Cagliari - Oristano 87,Cosa e dove,Cosa e dove,,,9,,,,rilevata
87/88,Cagliari - Oristano 87,La Provincia di Cagliari,La Provincia di Cagliari,cartografia,,12,,,Carta stradale della provincia,rilevata
87/88,Cagliari - Oristano 87,Le vie di accesso a Cagliari,Le vie di accesso a Cagliari,,,13,,,Mappa,rilevata
87/88,Cagliari - Oristano 87,Elenco delle vie,Elenco vie,,,14,,,"2 pagine, cornice grigia, illustrazioni dei monumenti",rilevata
87/88,Cagliari - Oristano 87,Tavole topografiche,Tavole topografiche,cartografia,,16,,,"7 tavole, 7 pagine",rilevata
87/88,Cagliari - Oristano 87,Comuni della Provincia di Cagliari,Comuni della Provincia di Cagliari,,,23,,,Notizie di pubblico interesse e indirizzi utili,rilevata
87/88,Cagliari - Oristano 87,Elenco delle vie,Elenco vie,,,26,margini,Carbonia,,dedotta dalla nota della tavola
87/88,Cagliari - Oristano 87,Tavole topografiche,Tavole topografiche,cartografia,,26,,,"1 tavola, 2 pagine; elenco delle vie ai margini; illustrazioni di monumenti",rilevata
87/88,Cagliari - Oristano 87,Elenco delle vie,Elenco vie,,,28,margini,Iglesias,,dedotta dalla nota della tavola
87/88,Cagliari - Oristano 87,Elenco delle vie,Elenco vie,,,30,margini,Quartu Sant'Elena,,dedotta dalla nota della tavola
87/88,Cagliari - Oristano 87,La Valle del Tirso produce,L'Oristanese,,"titolo assunto da ""L'Oristanese"" nel 87/88",32,,,Mappa illustrata della provincia,rilevata
87/88,Cagliari - Oristano 87,Oristano - Sommario,Oristano - Sommario,,,33,,,,rilevata
87/88,Cagliari - Oristano 87,Conosci la tua città?,Conosci la tua città?,,,33,,,,rilevata
87/88,Cagliari - Oristano 87,Trasporti,Trasporti,,,34,,,,rilevata
87/88,Cagliari - Oristano 87,Sanità,Sanità,,,34,,,,rilevata
87/88,Cagliari - Oristano 87,Istruzione e Sport,Istruzione e Sport,,,35,,,,rilevata
87/88,Cagliari - Oristano 87,Cosa e dove,Cosa e dove,,,35,,,,rilevata
87/88,Cagliari - Oristano 87,La Provincia di Oristano,La Provincia di Oristano,cartografia,,37,,,Carta stradale della provincia,rilevata
87/88,Cagliari - Oristano 87,Elenco delle vie,Elenco vie,,,38,margini,Oristano,,dedotta dalla nota della tavola
87/88,Cagliari - Oristano 87,Tavole topografiche,Tavole topografiche,cartografia,,38,,,"1 tavola, 2 pagine; elenco delle vie ai margini; illustrazioni di monumenti",rilevata
87/88,Nuoro - Sassari 87,Nuoro - Sommario,Nuoro - Sommario,,,1,,,,rilevata
87/88,Nuoro - Sassari 87,Conosci la tua città?,Conosci la tua città?,,,4,,,,rilevata
87/88,Nuoro - Sassari 87,Trasporti,Trasporti,,,4,,,,rilevata
87/88,Nuoro - Sassari 87,Sanità,Sanità,,,5,,,,rilevata
87/88,Nuoro - Sassari 87,Istruzione e Sport,Istruzione e Sport,,,5,,,,rilevata
87/88,Nuoro - Sassari 87,Cosa e dove,Cosa e dove,,,6,,,,rilevata
87/88,Nuoro - Sassari 87,La Provincia di Nuoro,La Provincia di Nuoro,cartografia,,7,,,Carta stradale della provincia,rilevata
87/88,Nuoro - Sassari 87,Elenco delle vie,Elenco vie,,,8,margini,Nuoro,,dedotta dalla nota della tavola
87/88,Nuoro - Sassari 87,Tavole topografiche,Tavole topografiche,cartografia,,8,,,"1 tavola, 2 pagine; elenco delle vie ai margini; illustrazioni di monumenti",rilevata
87/88,Nuoro - Sassari 87,Sassari - Sommario,Sassari - Sommario,,,11,,,,rilevata
87/88,Nuoro - Sassari 87,Conosci la tua città?,Conosci la tua città?,,,12,,,,rilevata
87/88,Nuoro - Sassari 87,Trasporti,Trasporti,,,13,,,,rilevata
87/88,Nuoro - Sassari 87,Sanità,Sanità,,,13,,,,rilevata
87/88,Nuoro - Sassari 87,Istruzione e Sport,Istruzione e Sport,,,14,,,,rilevata
87/88,Nuoro - Sassari 87,Cosa e dove,Cosa e dove,,,15,,,,rilevata
87/88,Nuoro - Sassari 87,La Provincia di Sassari,La Provincia di Sassari,cartografia,,18,,,Carta stradale della provincia,rilevata
87/88,Nuoro - Sassari 87,Le vie di accesso a Sassari,Le vie di accesso a Sassari,,,19,,,Mappa,rilevata
87/88,Nuoro - Sassari 87,Elenco delle vie,Elenco vie,,,20,,,"1 pagina, cornice grigia",rilevata
87/88,Nuoro - Sassari 87,Tavole topografiche,Tavole topografiche,cartografia,,21,,,"3 tavole, 3 pagine",rilevata
87/88,Nuoro - Sassari 87,Comuni della Provincia di Sassari,Comuni della Provincia di Sassari,,,24,,,Notizie di pubblico interesse e indirizzi utili,rilevata
87/88,Nuoro - Sassari 87,Elenco delle vie,Elenco vie,,,26,margini,Alghero,,dedotta dalla nota della tavola
87/88,Nuoro - Sassari 87,Tavole topografiche,Tavole topografiche,cartografia,,26,,,"1 tavola, 2 pagine; elenco delle vie ai margini; illustrazioni di monumenti",rilevata
87/88,Nuoro - Sassari 87,Elenco delle vie,Elenco vie,,,28,margini,Olbia,,dedotta dalla nota della tavola
87/88,Nuoro - Sassari 87,Elenco delle vie,Elenco vie,,,30,margini,Porto Torres,,dedotta dalla nota della tavola
88/89,Cagliari - Oristano 88,Cagliari - Sommario,Cagliari - Sommario,,,1,,,,rilevata
88/89,Cagliari - Oristano 88,Conosci la tua città?,Conosci la tua città?,,,3,,,,rilevata
88/89,Cagliari - Oristano 88,Trasporti,Trasporti,,,4,,,,rilevata
88/89,Cagliari - Oristano 88,Sanità,Sanità,,,5,,,,rilevata
88/89,Cagliari - Oristano 88,Istruzione e Sport,Istruzione e Sport,,,8,,,,rilevata
88/89,Cagliari - Oristano 88,Cosa e dove,Cosa e dove,,,9,,,,rilevata
88/89,Cagliari - Oristano 88,La Provincia di Cagliari,La Provincia di Cagliari,cartografia,,12,,,Carta stradale della provincia,rilevata
88/89,Cagliari - Oristano 88,Le vie di accesso a Cagliari,Le vie di accesso a Cagliari,,,13,,,Mappa,rilevata
88/89,Cagliari - Oristano 88,Elenco delle vie,Elenco vie,,,14,,,"2 pagine, cornice grigia, illustrazioni dei monumenti",rilevata
88/89,Cagliari - Oristano 88,Tavole topografiche,Tavole topografiche,cartografia,,16,,,"7 tavole, 7 pagine",rilevata
88/89,Cagliari - Oristano 88,Comuni della Provincia di Cagliari,Comuni della Provincia di Cagliari,,,23,,,Notizie di pubblico interesse e indirizzi utili,rilevata
88/89,Cagliari - Oristano 88,Elenco delle vie,Elenco vie,,,26,margini,Carbonia,,dedotta dalla nota della tavola
88/89,Cagliari - Oristano 88,Tavole topografiche,Tavole topografiche,cartografia,,26,,,"1 tavola, 2 pagine; elenco delle vie ai margini; illustrazioni di monumenti",rilevata
88/89,Cagliari - Oristano 88,Elenco delle vie,Elenco vie,,,28,margini,Iglesias,,dedotta dalla nota della tavola
88/89,Cagliari - Oristano 88,Elenco delle vie,Elenco vie,,,30,margini,Quartu Sant'Elena,,dedotta dalla nota della tavola
88/89,Cagliari - Oristano 88,Oristano - Sommario,Oristano - Sommario,,,33,,,,rilevata
88/89,Cagliari - Oristano 88,Conosci la tua città?,Conosci la tua città?,,,34,,,,rilevata
88/89,Cagliari - Oristano 88,Trasporti,Trasporti,,,34,,,,rilevata
88/89,Cagliari - Oristano 88,Sanità,Sanità,,,34,,,,rilevata
88/89,Cagliari - Oristano 88,Istruzione e Sport,Istruzione e Sport,,,35,,,,rilevata
88/89,Cagliari - Oristano 88,Cosa e dove,Cosa e dove,,,35,,,,rilevata
88/89,Cagliari - Oristano 88,La Provincia di Oristano,La Provincia di Oristano,cartografia,,37,,,Carta stradale della provincia,rilevata
88/89,Cagliari - Oristano 88,Elenco delle vie,Elenco vie,,,38,margini,Oristano,,dedotta dalla nota della tavola
88/89,Cagliari - Oristano 88,Tavole topografiche,Tavole topografiche,cartografia,,38,,,"1 tavola, 2 pagine; elenco delle vie ai margini; illustrazioni di monumenti",rilevata
88/89,Nuoro - Sassari 88,Nuoro - Sommario,Nuoro - Sommario,,,1,,,,rilevata
88/89,Nuoro - Sassari 88,Conosci la tua città?,Conosci la tua città?,,,2,,,,rilevata
88/89,Nuoro - Sassari 88,Trasporti,Trasporti,,,2,,,,rilevata
88/89,Nuoro - Sassari 88,Sanità,Sanità,,,3,,,,rilevata
88/89,Nuoro - Sassari 88,Istruzione e Sport,Istruzione e Sport,,,3,,,,rilevata
88/89,Nuoro - Sassari 88,Cosa e dove,Cosa e dove,,,4,,,,rilevata
88/89,Nuoro - Sassari 88,La Provincia di Nuoro,La Provincia di Nuoro,cartografia,,5,,,Carta stradale della provincia,rilevata
88/89,Nuoro - Sassari 88,Elenco delle vie,Elenco vie,,,6,margini,Nuoro,,dedotta dalla nota della tavola
88/89,Nuoro - Sassari 88,Tavole topografiche,Tavole topografiche,cartografia,,6,,,"1 tavola, 2 pagine; elenco delle vie ai margini; illustrazioni di monumenti",rilevata
88/89,Nuoro - Sassari 88,Sassari - Sommario,Sassari - Sommario,,,9,,,,rilevata
88/89,Nuoro - Sassari 88,Conosci la tua città?,Conosci la tua città?,,,10,,,,rilevata
88/89,Nuoro - Sassari 88,Trasporti,Trasporti,,,11,,,,rilevata
88/89,Nuoro - Sassari 88,Sanità,Sanità,,,11,,,,rilevata
88/89,Nuoro - Sassari 88,Istruzione e Sport,Istruzione e Sport,,,12,,,,rilevata
88/89,Nuoro - Sassari 88,Cosa e dove,Cosa e dove,,,13,,,,rilevata
88/89,Nuoro - Sassari 88,La Provincia di Sassari,La Provincia di Sassari,cartografia,,16,,,Carta stradale della provincia,rilevata
88/89,Nuoro - Sassari 88,Le vie di accesso a Sassari,Le vie di accesso a Sassari,,,17,,,Mappa,rilevata
88/89,Nuoro - Sassari 88,Elenco delle vie,Elenco vie,,,18,,,"1 pagina, cornice grigia",rilevata
88/89,Nuoro - Sassari 88,Tavole topografiche,Tavole topografiche,cartografia,,19,,,"3 tavole, 3 pagine",rilevata
88/89,Nuoro - Sassari 88,Comuni della Provincia di Sassari,Comuni della Provincia di Sassari,,,22,,,Notizie di pubblico interesse e indirizzi utili,rilevata
88/89,Nuoro - Sassari 88,Elenco delle vie,Elenco vie,,,26,margini,Alghero,,dedotta dalla nota della tavola
88/89,Nuoro - Sassari 88,Tavole topografiche,Tavole topografiche,cartografia,,26,,,"1 tavola, 2 pagine; elenco delle vie ai margini; illustrazioni di monumenti",rilevata
88/89,Nuoro - Sassari 88,Elenco delle vie,Elenco vie,,,28,margini,Olbia,,dedotta dalla nota della tavola
88/89,Nuoro - Sassari 88,Elenco delle vie,Elenco vie,,,30,margini,Porto Torres,,dedotta dalla nota della tavola
89/90,Cagliari - Oristano 89,Cagliari - Sommario,Cagliari - Sommario,,,1,,,,rilevata
89/90,Cagliari - Oristano 89,Conosci la tua città?,Conosci la tua città?,,,3,,,,rilevata
89/90,Cagliari - Oristano 89,Trasporti,Trasporti,,,5,,,,rilevata
89/90,Cagliari - Oristano 89,Sanità,Sanità,,,6,,,,rilevata
89/90,Cagliari - Oristano 89,Istruzione e Sport,Istruzione e Sport,,,8,,,,rilevata
89/90,Cagliari - Oristano 89,Cosa e dove,Cosa e dove,,,10,,,,rilevata
89/90,Cagliari - Oristano 89,La Provincia di Cagliari,La Provincia di Cagliari,cartografia,,12,,,Carta stradale della provincia,rilevata
89/90,Cagliari - Oristano 89,Le vie di accesso a Cagliari,Le vie di accesso a Cagliari,,,13,,,Mappa,rilevata
89/90,Cagliari - Oristano 89,Elenco delle vie,Elenco vie,,,14,,,"2 pagine, cornice grigia, illustrazioni dei monumenti",rilevata
89/90,Cagliari - Oristano 89,Tavole topografiche,Tavole topografiche,cartografia,,16,,,"7 tavole, 7 pagine",rilevata
89/90,Cagliari - Oristano 89,Comuni della Provincia di Cagliari,Comuni della Provincia di Cagliari,,,24,,,Notizie di pubblico interesse e indirizzi utili,rilevata
89/90,Cagliari - Oristano 89,Elenco delle vie,Elenco vie,,,26,margini,Carbonia,,dedotta dalla nota della tavola
89/90,Cagliari - Oristano 89,Tavole topografiche,Tavole topografiche,cartografia,,26,,,"1 tavola, 2 pagine; elenco delle vie ai margini; illustrazioni di monumenti",rilevata
89/90,Cagliari - Oristano 89,Elenco delle vie,Elenco vie,,,28,margini,Iglesias,,dedotta dalla nota della tavola
89/90,Cagliari - Oristano 89,Elenco delle vie,Elenco vie,,,30,margini,Quartu Sant'Elena,,dedotta dalla nota della tavola
89/90,Cagliari - Oristano 89,Oristano - Sommario,Oristano - Sommario,,,33,,,,rilevata
89/90,Cagliari - Oristano 89,Conosci la tua città?,Conosci la tua città?,,,34,,,,rilevata
89/90,Cagliari - Oristano 89,Trasporti,Trasporti,,,34,,,,rilevata
89/90,Cagliari - Oristano 89,Sanità,Sanità,,,35,,,,rilevata
89/90,Cagliari - Oristano 89,Istruzione e Sport,Istruzione e Sport,,,35,,,,rilevata
89/90,Cagliari - Oristano 89,Cosa e dove,Cosa e dove,,,35,,,,rilevata
89/90,Cagliari - Oristano 89,La Provincia di Oristano,La Provincia di Oristano,cartografia,,37,,,Carta stradale della provincia,rilevata
89/90,Cagliari - Oristano 89,Elenco delle vie,Elenco vie,,,38,margini,Oristano,,dedotta dalla nota della tavola
89/90,Cagliari - Oristano 89,Tavole topografiche,Tavole topografiche,cartografia,,38,,,"1 tavola, 2 pagine; elenco delle vie ai margini; illustrazioni di monumenti",rilevata
89/90,Nuoro - Sassari 89,Nuoro - Sommario,Nuoro - Sommario,,,1,,,,rilevata
89/90,Nuoro - Sassari 89,Conosci la tua città?,Conosci la tua città?,,,2,,,,rilevata
89/90,Nuoro - Sassari 89,Trasporti,Trasporti,,,2,,,,rilevata
89/90,Nuoro - Sassari 89,Sanità,Sanità,,,3,,,,rilevata
89/90,Nuoro - Sassari 89,Istruzione e Sport,Istruzione e Sport,,,3,,,,rilevata
89/90,Nuoro - Sassari 89,Cosa e dove,Cosa e dove,,,4,,,,rilevata
89/90,Nuoro - Sassari 89,La Provincia di Nuoro,La Provincia di Nuoro,cartografia,,5,,,Carta stradale della provincia,rilevata
89/90,Nuoro - Sassari 89,Elenco delle vie,Elenco vie,,,6,margini,Nuoro,,dedotta dalla nota della tavola
89/90,Nuoro - Sassari 89,Tavole topografiche,Tavole topografiche,cartografia,,6,,,"1 tavola, 2 pagine; elenco delle vie ai margini; illustrazioni di monumenti",rilevata
89/90,Nuoro - Sassari 89,Sassari - Sommario,Sassari - Sommario,,,11,,,,rilevata
89/90,Nuoro - Sassari 89,Conosci la tua città?,Conosci la tua città?,,,12,,,,rilevata
89/90,Nuoro - Sassari 89,Trasporti,Trasporti,,,13,,,,rilevata
89/90,Nuoro - Sassari 89,Sanità,Sanità,,,13,,,,rilevata
89/90,Nuoro - Sassari 89,Istruzione e Sport,Istruzione e Sport,,,15,,,,rilevata
89/90,Nuoro - Sassari 89,Cosa e dove,Cosa e dove,,,15,,,,rilevata
89/90,Nuoro - Sassari 89,La Provincia di Sassari,La Provincia di Sassari,cartografia,,18,,,Carta stradale della provincia,rilevata
89/90,Nuoro - Sassari 89,Le vie di accesso a Sassari,Le vie di accesso a Sassari,,,19,,,Mappa,rilevata
89/90,Nuoro - Sassari 89,Elenco delle vie,Elenco vie,,,20,,,"1 pagina, cornice grigia",rilevata
89/90,Nuoro - Sassari 89,Tavole topografiche,Tavole topografiche,cartografia,,21,,,"3 tavole, 3 pagine",rilevata
89/90,Nuoro - Sassari 89,Comuni della Provincia di Sassari,Comuni della Provincia di Sassari,,,24,,,Notizie di pubblico interesse e indirizzi utili,rilevata
89/90,Nuoro - Sassari 89,Elenco delle vie,Elenco vie,,,26,margini,Alghero,,dedotta dalla nota della tavola
89/90,Nuoro - Sassari 89,Tavole topografiche,Tavole topografiche,cartografia,,26,,,"1 tavola, 2 pagine; elenco delle vie ai margini; illustrazioni di monumenti",rilevata
89/90,Nuoro - Sassari 89,Elenco delle vie,Elenco vie,,,28,margini,Olbia,,dedotta dalla nota della tavola
89/90,Nuoro - Sassari 89,Elenco delle vie,Elenco vie,,,30,margini,Porto Torres,,dedotta dalla nota della tavola
90/91,Cagliari - Oristano 90/91,Cagliari - Sommario e Nota dell'editore,Cagliari - Sommario,,,1,,,,rilevata
90/91,Cagliari - Oristano 90/91,Centro storico: monumenti di Cagliari,Centro storico: monumenti di Cagliari,cartografia,,2,,,Mappa con monumenti in evidenza,rilevata
90/91,Cagliari - Oristano 90/91,Cagliari e provincia,Cagliari e provincia,,,3,,,,rilevata
90/91,Cagliari - Oristano 90/91,Gli appuntamenti di un anno,Gli appuntamenti di un anno,,,13,,,,rilevata
90/91,Cagliari - Oristano 90/91,Documenti: dove farli,Documenti: dove farli,,"si scinde da ""Cosa e dove"" nel 90/91",15,,,,rilevata
90/91,Cagliari - Oristano 90/91,La Provincia di Cagliari,La Provincia di Cagliari,cartografia,,16,,,Carta stradale della provincia,rilevata
90/91,Cagliari - Oristano 90/91,I trasporti,I trasporti,,,16,,,,rilevata
90/91,Cagliari - Oristano 90/91,Le vie di accesso a Cagliari,Le vie di accesso a Cagliari,,,17,,,Mappa,rilevata
90/91,Cagliari - Oristano 90/91,Tavole topografiche,Tavole topografiche,cartografia,,18,,,"7 tavole, 7 pagine",rilevata
90/91,Cagliari - Oristano 90/91,Elenco vie,Elenco vie,,,33,,,Elenco delle vie di tutti i comuni cartografati,rilevata
90/91,Cagliari - Oristano 90/91,Oristano - Sommario e Nota dell'editore,Oristano - Sommario,,,33,,,,rilevata
90/91,Cagliari - Oristano 90/91,Oristano e provincia,Oristano e provincia,,,34,,,,rilevata
90/91,Cagliari - Oristano 90/91,Gli appuntamenti di un anno,Gli appuntamenti di un anno,,,42,,,,rilevata
90/91,Cagliari - Oristano 90/91,Documenti: dove farli,Documenti: dove farli,,"si scinde da ""Cosa e dove"" nel 90/91",43,,,,rilevata
90/91,Cagliari - Oristano 90/91,La Provincia di Oristano,La Provincia di Oristano,cartografia,,43,,,Carta stradale della provincia,rilevata
90/91,Cagliari - Oristano 90/91,I trasporti,I trasporti,,,43,,,,rilevata
90/91,Cagliari - Oristano 90/91,Tavole topografiche,Tavole topografiche,cartografia,,44,,,"1 tavola, 2 pagine",rilevata
90/91,Cagliari - Oristano 90/91,Elenco vie,Elenco vie,,,46,,,Elenco delle vie di Oristano,rilevata
90/91,Nuoro - Sassari 90/91,Nuoro - Sommario e Nota dell'editore,Nuoro - Sommario,,,1,,,,rilevata
90/91,Nuoro - Sassari 90/91,Nuoro e provincia,Nuoro e provincia,,,2,,,,rilevata
90/91,Nuoro - Sassari 90/91,Gli appuntamenti di un anno,Gli appuntamenti di un anno,,,6,,,,rilevata
90/91,Nuoro - Sassari 90/91,Documenti: dove farli,Documenti: dove farli,,"si scinde da ""Cosa e dove"" nel 90/91",7,,,,rilevata
90/91,Nuoro - Sassari 90/91,La Provincia di Nuoro,La Provincia di Nuoro,cartografia,,8,,,Carta stradale della provincia,rilevata
90/91,Nuoro - Sassari 90/91,I trasporti,I trasporti,,,8,,,,rilevata
90/91,Nuoro - Sassari 90/91,Tavole topografiche,Tavole topografiche,cartografia,,10,,,"1 tavola, 2 pagine",rilevata
90/91,Nuoro - Sassari 90/91,Elenco vie,Elenco vie,,,12,,,Elenco delle vie di Nuoro,rilevata
90/91,Nuoro - Sassari 90/91,Sassari - Sommario e Nota dell'editore,Sassari - Sommario,,,13,,,,rilevata
90/91,Nuoro - Sassari 90/91,Sassari e provincia,Sassari e provincia,,,15,,,,rilevata
90/91,Nuoro - Sassari 90/91,Gli appuntamenti di un anno,Gli appuntamenti di un anno,,,21,,,,rilevata
90/91,Nuoro - Sassari 90/91,Documenti: dove farli,Documenti: dove farli,,"si scinde da ""Cosa e dove"" nel 90/91",22,,,,rilevata
90/91,Nuoro - Sassari 90/91,La Provincia di Sassari,La Provincia di Sassari,cartografia,,23,,,Carta stradale della provincia,rilevata
90/91,Nuoro - Sassari 90/91,I trasporti,I trasporti,,,23,,,,rilevata
90/91,Nuoro - Sassari 90/91,Tavole topografiche,Tavole topografiche,cartografia,,24,,,"4 tavole, 4 pagine",rilevata
90/91,Nuoro - Sassari 90/91,Elenco vie,Elenco vie,,,37,,,Elenco delle vie di tutti i comuni cartografati,rilevata
91/92,Cagliari - Oristano 91,Sommario,Sommario,,,1,,,,rilevata
91/92,Cagliari - Oristano 91,Centro storico: monumenti di Cagliari,Centro storico: monumenti di Cagliari,cartografia,,2,,,Mappa con monumenti in evidenza,rilevata
91/92,Cagliari - Oristano 91,Cagliari e provincia,Cagliari e provincia,,,3,,,,rilevata
91/92,Cagliari - Oristano 91,Gli appuntamenti di un anno,Gli appuntamenti di un anno,,,23,,,,rilevata
91/92,Cagliari - Oristano 91,Documenti: dove farli,Documenti: dove farli,,"si scinde da ""Cosa e dove"" nel 90/91",23,,,,rilevata
91/92,Cagliari - Oristano 91,La Provincia di Cagliari,La Provincia di Cagliari,cartografia,,26,,,Carta stradale della provincia,rilevata
91/92,Cagliari - Oristano 91,I trasporti,I trasporti,,,26,,,,rilevata
91/92,Cagliari - Oristano 91,Le vie di accesso a Cagliari,Le vie di accesso a Cagliari,,,27,,,Mappa,rilevata
91/92,Cagliari - Oristano 91,Tavole topografiche,Tavole topografiche,cartografia,,28,,,"8 tavole, 8 pagine",rilevata
91/92,Cagliari - Oristano 91,Elenco vie,Elenco vie,,,47,,,Elenco delle vie di tutti i comuni cartografati,rilevata
91/92,Cagliari - Oristano 91,Oristano e provincia,Oristano e provincia,,,51,,,,rilevata
91/92,Cagliari - Oristano 91,Gli appuntamenti di un anno,Gli appuntamenti di un anno,,,58,,,,rilevata
91/92,Cagliari - Oristano 91,Documenti: dove farli,Documenti: dove farli,,"si scinde da ""Cosa e dove"" nel 90/91",59,,,,rilevata
91/92,Cagliari - Oristano 91,La Provincia di Oristano,La Provincia di Oristano,cartografia,,59,,,Carta stradale della provincia,rilevata
91/92,Cagliari - Oristano 91,I trasporti,I trasporti,,,59,,,,rilevata
91/92,Cagliari - Oristano 91,Tavole topografiche,Tavole topografiche,cartografia,,60,,,"1 tavola, 2 pagine",rilevata
91/92,Cagliari - Oristano 91,Elenco vie,Elenco vie,,,63,,,Elenco delle vie di Oristano,rilevata
91/92,Nuoro - Sassari 91,Sommario,Sommario,,,3,,,,rilevata
91/92,Nuoro - Sassari 91,Nuoro e provincia,Nuoro e provincia,,,4,,,,rilevata
91/92,Nuoro - Sassari 91,Gli appuntamenti di un anno,Gli appuntamenti di un anno,,,11,,,,rilevata
91/92,Nuoro - Sassari 91,Documenti: dove farli,Documenti: dove farli,,"si scinde da ""Cosa e dove"" nel 90/91",11,,,,rilevata
91/92,Nuoro - Sassari 91,La Provincia di Nuoro,La Provincia di Nuoro,cartografia,,12,,,Carta stradale della provincia,rilevata
91/92,Nuoro - Sassari 91,I trasporti,I trasporti,,,12,,,,rilevata
91/92,Nuoro - Sassari 91,Tavole topografiche,Tavole topografiche,cartografia,,14,,,"1 tavola, 2 pagine",rilevata
91/92,Nuoro - Sassari 91,Elenco vie,Elenco vie,,,16,,,Elenco delle vie di Nuoro,rilevata
91/92,Nuoro - Sassari 91,Sassari e provincia,Sassari e provincia,,,17,,,,rilevata
91/92,Nuoro - Sassari 91,Gli appuntamenti di un anno,Gli appuntamenti di un anno,,,29,,,,rilevata
91/92,Nuoro - Sassari 91,Documenti: dove farli,Documenti: dove farli,,"si scinde da ""Cosa e dove"" nel 90/91",30,,,,rilevata
91/92,Nuoro - Sassari 91,La Provincia di Sassari,La Provincia di Sassari,cartografia,,31,,,Carta stradale della provincia,rilevata
91/92,Nuoro - Sassari 91,I trasporti,I trasporti,,,31,,,,rilevata
91/92,Nuoro - Sassari 91,Tavole topografiche,Tavole topografiche,cartografia,,32,,,"4 tavole, 4 pagine",rilevata
91/92,Nuoro - Sassari 91,Elenco vie,Elenco vie,,,45,,,Elenco delle vie di tutti i comuni cartografati,rilevata
92/93,Cagliari - Oristano 92,Sommario,Sommario,,,1,,,,rilevata
92/93,Cagliari - Oristano 92,Le vie di accesso a Cagliari,Le vie di accesso a Cagliari,,,2,,,Mappa,rilevata
92/93,Cagliari - Oristano 92,Centro storico: monumenti di Cagliari,Centro storico: monumenti di Cagliari,cartografia,,3,,,Mappa con monumenti in evidenza,rilevata
92/93,Cagliari - Oristano 92,Cagliari e provincia,Cagliari e provincia,,,5,,,,rilevata
92/93,Cagliari - Oristano 92,Gli appuntamenti di un anno,Gli appuntamenti di un anno,,,18,,,,rilevata
92/93,Cagliari - Oristano 92,Sagre e feste nella regione,Sagre e feste nella regione,,,19,,,,rilevata
92/93,Cagliari - Oristano 92,Documenti: dove farli,Documenti: dove farli,,"si scinde da ""Cosa e dove"" nel 90/91",21,,,,rilevata
92/93,Cagliari - Oristano 92,La Provincia di Cagliari,La Provincia di Cagliari,cartografia,,23,,,Carta stradale della provincia,rilevata
92/93,Cagliari - Oristano 92,I trasporti,I trasporti,,,23,,,,rilevata
92/93,Cagliari - Oristano 92,Tavole topografiche,Tavole topografiche,cartografia,,24,,,"8 tavole, 8 pagine",rilevata
92/93,Cagliari - Oristano 92,Elenco vie,Elenco vie,,,45,,,Elenco delle vie di tutti i comuni cartografati,rilevata
92/93,Cagliari - Oristano 92,Oristano e provincia,Oristano e provincia,,,51,,,,rilevata
92/93,Cagliari - Oristano 92,Gli appuntamenti di un anno,Gli appuntamenti di un anno,,,57,,,,rilevata
92/93,Cagliari - Oristano 92,Documenti: dove farli,Documenti: dove farli,,"si scinde da ""Cosa e dove"" nel 90/91",59,,,,rilevata
92/93,Cagliari - Oristano 92,La Provincia di Oristano,La Provincia di Oristano,cartografia,,59,,,Carta stradale della provincia,rilevata
92/93,Cagliari - Oristano 92,I trasporti,I trasporti,,,59,,,,rilevata
92/93,Cagliari - Oristano 92,Tavole topografiche,Tavole topografiche,cartografia,,60,,,"1 tavola, 2 pagine",rilevata
92/93,Cagliari - Oristano 92,Elenco vie,Elenco vie,,,63,,,Elenco delle vie di Oristano,rilevata
92/93,Nuoro - Sassari 92,Sommario,Sommario,,,3,,,,rilevata
92/93,Nuoro - Sassari 92,Nuoro e provincia,Nuoro e provincia,,,5,,,,rilevata
92/93,Nuoro - Sassari 92,Gli appuntamenti di un anno,Gli appuntamenti di un anno,,,11,,,,rilevata
92/93,Nuoro - Sassari 92,Documenti: dove farli,Documenti: dove farli,,"si scinde da ""Cosa e dove"" nel 90/91",11,,,,rilevata
92/93,Nuoro - Sassari 92,La Provincia di Nuoro,La Provincia di Nuoro,cartografia,,12,,,Carta stradale della provincia,rilevata
92/93,Nuoro - Sassari 92,I trasporti,I trasporti,,,12,,,,rilevata
92/93,Nuoro - Sassari 92,Tavole topografiche,Tavole topografiche,cartografia,,14,,,"1 tavola, 2 pagine",rilevata
92/93,Nuoro - Sassari 92,Elenco vie,Elenco vie,,,17,,,Elenco delle vie di Nuoro,rilevata
92/93,Nuoro - Sassari 92,Sassari e provincia,Sassari e provincia,,,18,,,,rilevata
92/93,Nuoro - Sassari 92,Gli appuntamenti di un anno,Gli appuntamenti di un anno,,,27,,,,rilevata
92/93,Nuoro - Sassari 92,Sagre e feste nella regione,Sagre e feste nella regione,,,28,,,,rilevata
92/93,Nuoro - Sassari 92,Documenti: dove farli,Documenti: dove farli,,"si scinde da ""Cosa e dove"" nel 90/91",28,,,,rilevata
92/93,Nuoro - Sassari 92,La Provincia di Sassari,La Provincia di Sassari,cartografia,,29,,,Carta stradale della provincia,rilevata
92/93,Nuoro - Sassari 92,I trasporti,I trasporti,,,29,,,,rilevata
92/93,Nuoro - Sassari 92,Tavole topografiche,Tavole topografiche,cartografia,,30,,,"4 tavole, 4 pagine",rilevata
92/93,Nuoro - Sassari 92,Elenco vie,Elenco vie,,,43,,,Elenco delle vie di tutti i comuni cartografati,rilevata
93/94,Cagliari - Oristano 93,Sommario,Sommario,,,1,,,,rilevata
93/94,Cagliari - Oristano 93,Le vie di accesso a Cagliari,Le vie di accesso a Cagliari,,,2,,,Mappa,rilevata
93/94,Cagliari - Oristano 93,Centro storico: monumenti di Cagliari,Centro storico: monumenti di Cagliari,cartografia,,3,,,Mappa con monumenti in evidenza,rilevata
93/94,Cagliari - Oristano 93,Cagliari e provincia,Cagliari e provincia,,,4,,,,rilevata
93/94,Cagliari - Oristano 93,Gli appuntamenti di un anno,Gli appuntamenti di un anno,,,21,,,,rilevata
93/94,Cagliari - Oristano 93,Documenti: dove farli,Documenti: dove farli,,"si scinde da ""Cosa e dove"" nel 90/91",23,,,,rilevata
93/94,Cagliari - Oristano 93,La Provincia di Cagliari,La Provincia di Cagliari,cartografia,,25,,,Carta stradale della provincia,rilevata
93/94,Cagliari - Oristano 93,I trasporti,I trasporti,,,25,,,,rilevata
93/94,Cagliari - Oristano 93,Tavole topografiche,Tavole topografiche,cartografia,,26,,,"8 tavole, 8 pagine",rilevata
93/94,Cagliari - Oristano 93,Elenco vie,Elenco vie,,,47,,,Elenco delle vie di tutti i comuni cartografati,rilevata
93/94,Cagliari - Oristano 93,Oristano e provincia,Oristano e provincia,,,52,,,,rilevata
93/94,Cagliari - Oristano 93,Gli appuntamenti di un anno,Gli appuntamenti di un anno,,,57,,,,rilevata
93/94,Cagliari - Oristano 93,Documenti: dove farli,Documenti: dove farli,,"si scinde da ""Cosa e dove"" nel 90/91",59,,,,rilevata
93/94,Cagliari - Oristano 93,La Provincia di Oristano,La Provincia di Oristano,cartografia,,59,,,Carta stradale della provincia,rilevata
93/94,Cagliari - Oristano 93,I trasporti,I trasporti,,,59,,,,rilevata
93/94,Cagliari - Oristano 93,Tavole topografiche,Tavole topografiche,cartografia,,60,,,"1 tavola, 2 pagine",rilevata
93/94,Cagliari - Oristano 93,Elenco vie,Elenco vie,,,63,,,Elenco delle vie di Oristano,rilevata
93/94,Nuoro - Sassari 93,Sommario,Sommario,,,1,,,,rilevata
93/94,Nuoro - Sassari 93,Nuoro e provincia,Nuoro e provincia,,,2,,,,rilevata
93/94,Nuoro - Sassari 93,Gli appuntamenti di un anno,Gli appuntamenti di un anno,,,8,,,,rilevata
93/94,Nuoro - Sassari 93,I rodei della Barbagia,I rodei della Barbagia,,,8,,,,rilevata
93/94,Nuoro - Sassari 93,Documenti: dove farli,Documenti: dove farli,,"si scinde da ""Cosa e dove"" nel 90/91",9,,,,rilevata
93/94,Nuoro - Sassari 93,La Provincia di Nuoro,La Provincia di Nuoro,cartografia,,10,,,Carta stradale della provincia,rilevata
93/94,Nuoro - Sassari 93,I trasporti,I trasporti,,,10,,,,rilevata
93/94,Nuoro - Sassari 93,Tavole topografiche,Tavole topografiche,cartografia,,12,,,"1 tavola, 2 pagine",rilevata
93/94,Nuoro - Sassari 93,Elenco vie,Elenco vie,,,15,,,Elenco delle vie di Nuoro,rilevata
93/94,Nuoro - Sassari 93,Sassari e provincia,Sassari e provincia,,,16,,,,rilevata
93/94,Nuoro - Sassari 93,Gli appuntamenti di un anno,Gli appuntamenti di un anno,,,29,,,,rilevata
93/94,Nuoro - Sassari 93,Documenti: dove farli,Documenti: dove farli,,"si scinde da ""Cosa e dove"" nel 90/91",30,,,,rilevata
93/94,Nuoro - Sassari 93,La Provincia di Sassari,La Provincia di Sassari,cartografia,,31,,,Carta stradale della provincia,rilevata
93/94,Nuoro - Sassari 93,I trasporti,I trasporti,,,31,,,,rilevata
93/94,Nuoro - Sassari 93,Tavole topografiche,Tavole topografiche,cartografia,,32,,,"4 tavole, 4 pagine",rilevata
93/94,Nuoro - Sassari 93,Elenco vie,Elenco vie,,,45,,,Elenco delle vie di tutti i comuni cartografati,rilevata
94/95,Cagliari - Oristano 94,Sommario,Sommario,,,3,,,,rilevata
94/95,Cagliari - Oristano 94,Le vie di accesso a Cagliari,Le vie di accesso a Cagliari,,,4,,,Mappa,rilevata
94/95,Cagliari - Oristano 94,Centro storico: monumenti di Cagliari,Centro storico: monumenti di Cagliari,cartografia,,5,,,Mappa con monumenti in evidenza,rilevata
94/95,Cagliari - Oristano 94,Cagliari e provincia,Cagliari e provincia,,,6,,,,rilevata
94/95,Cagliari - Oristano 94,Gli appuntamenti di un anno,Gli appuntamenti di un anno,,,18,,,,rilevata
94/95,Cagliari - Oristano 94,Documenti: dove farli,Documenti: dove farli,,"si scinde da ""Cosa e dove"" nel 90/91",21,,,,rilevata
94/95,Cagliari - Oristano 94,La Provincia di Cagliari,La Provincia di Cagliari,cartografia,,23,,,Carta stradale della provincia,rilevata
94/95,Cagliari - Oristano 94,I trasporti,I trasporti,,,23,,,,rilevata
94/95,Cagliari - Oristano 94,Tavole topografiche,Tavole topografiche,cartografia,,24,,,"8 tavole, 8 pagine",rilevata
94/95,Cagliari - Oristano 94,Elenco vie,Elenco vie,,,45,,,Elenco delle vie di tutti i comuni cartografati,rilevata
94/95,Cagliari - Oristano 94,Codici di Avviamento Postale dei Comuni della Provincia di Cagliari,Codici di Avviamento Postale dei Comuni della Provincia di Cagliari,,,49,,,,rilevata
94/95,Cagliari - Oristano 94,Oristano e provincia,Oristano e provincia,,,50,,,,rilevata
94/95,Cagliari - Oristano 94,Gli appuntamenti di un anno,Gli appuntamenti di un anno,,,55,,,,rilevata
94/95,Cagliari - Oristano 94,Documenti: dove farli,Documenti: dove farli,,"si scinde da ""Cosa e dove"" nel 90/91",57,,,,rilevata
94/95,Cagliari - Oristano 94,La Provincia di Oristano,La Provincia di Oristano,cartografia,,57,,,Carta stradale della provincia,rilevata
94/95,Cagliari - Oristano 94,I trasporti,I trasporti,,,57,,,,rilevata
94/95,Cagliari - Oristano 94,Tavole topografiche,Tavole topografiche,cartografia,,58,,,"1 tavola, 2 pagine",rilevata
94/95,Cagliari - Oristano 94,Elenco vie,Elenco vie,,,61,,,Elenco delle vie di Oristano,rilevata
94/95,Cagliari - Oristano 94,Codici di Avviamento Postale dei Comuni della Provincia di Oristano,Codici di Avviamento Postale dei Comuni della Provincia di Oristano,,,61,,,,rilevata
94/95,Nuoro - Sassari 94,Sommario,Sommario,,,3,,,,rilevata
94/95,Nuoro - Sassari 94,Nuoro e provincia,Nuoro e provincia,,,2,,,,rilevata
94/95,Nuoro - Sassari 94,Gli appuntamenti di un anno,Gli appuntamenti di un anno,,,8,,,,rilevata
94/95,Nuoro - Sassari 94,Documenti: dove farli,Documenti: dove farli,,"si scinde da ""Cosa e dove"" nel 90/91",8,,,,rilevata
94/95,Nuoro - Sassari 94,La Provincia di Nuoro,La Provincia di Nuoro,cartografia,,10,,,Carta stradale della provincia,rilevata
94/95,Nuoro - Sassari 94,I trasporti,I trasporti,,,10,,,,rilevata
94/95,Nuoro - Sassari 94,Tavole topografiche,Tavole topografiche,cartografia,,12,,,"1 tavola, 2 pagine",rilevata
94/95,Nuoro - Sassari 94,Elenco vie,Elenco vie,,,15,,,Elenco delle vie di Nuoro,rilevata
94/95,Nuoro - Sassari 94,Codici di Avviamento Postale dei Comuni della Provincia di Nuoro,Codici di Avviamento Postale dei Comuni della Provincia di Nuoro,,,16,,,,rilevata
94/95,Nuoro - Sassari 94,Sassari e provincia,Sassari e provincia,,,18,,,,rilevata
94/95,Nuoro - Sassari 94,Gli appuntamenti di un anno,Gli appuntamenti di un anno,,,24,,,,rilevata
94/95,Nuoro - Sassari 94,Documenti: dove farli,Documenti: dove farli,,"si scinde da ""Cosa e dove"" nel 90/91",25,,,,rilevata
94/95,Nuoro - Sassari 94,La Provincia di Sassari,La Provincia di Sassari,cartografia,,27,,,Carta stradale della provincia,rilevata
94/95,Nuoro - Sassari 94,I trasporti,I trasporti,,,27,,,,rilevata
94/95,Nuoro - Sassari 94,Tavole topografiche,Tavole topografiche,cartografia,,28,,,"4 tavole, 4 pagine",rilevata
94/95,Nuoro - Sassari 94,Elenco vie,Elenco vie,,,41,,,Elenco delle vie di tutti i comuni cartografati,rilevata
94/95,Nuoro - Sassari 94,Codici di Avviamento Postale dei Comuni della Provincia di Sassari,Codici di Avviamento Postale dei Comuni della Provincia di Sassari,,,45,,,,rilevata
95/96,Cagliari - Oristano 95,Sommario,Sommario,,,3,,,,rilevata
95/96,Cagliari - Oristano 95,Centro storico: monumenti di Cagliari,Centro storico: monumenti di Cagliari,cartografia,,5,,,Mappa con monumenti in evidenza,rilevata
95/96,Cagliari - Oristano 95,Cagliari e provincia,Cagliari e provincia,,,6,,,,rilevata
95/96,Cagliari - Oristano 95,Gli appuntamenti di un anno,Gli appuntamenti di un anno,,,23,,,,rilevata
95/96,Cagliari - Oristano 95,Documenti: dove farli,Documenti: dove farli,,"si scinde da ""Cosa e dove"" nel 90/91",25,,,,rilevata
95/96,Cagliari - Oristano 95,La Provincia di Cagliari,La Provincia di Cagliari,cartografia,,27,,,Carta stradale della provincia,rilevata
95/96,Cagliari - Oristano 95,I trasporti,I trasporti,,,27,,,,rilevata
95/96,Cagliari - Oristano 95,Tavole topografiche,Tavole topografiche,cartografia,,28,,,"7 tavole, 7 pagine",rilevata
95/96,Cagliari - Oristano 95,Elenco vie,Elenco vie,,,49,,,Elenco delle vie di tutti i comuni cartografati,rilevata
95/96,Cagliari - Oristano 95,Codici di Avviamento Postale dei Comuni della Provincia di Cagliari,Codici di Avviamento Postale dei Comuni della Provincia di Cagliari,,,53,,,,rilevata
95/96,Cagliari - Oristano 95,Oristano e provincia,Oristano e provincia,,,54,,,,rilevata
95/96,Cagliari - Oristano 95,Gli appuntamenti di un anno,Gli appuntamenti di un anno,,,57,,,,rilevata
95/96,Cagliari - Oristano 95,Documenti: dove farli,Documenti: dove farli,,"si scinde da ""Cosa e dove"" nel 90/91",59,,,,rilevata
95/96,Cagliari - Oristano 95,La Provincia di Oristano,La Provincia di Oristano,cartografia,,59,,,Carta stradale della provincia,rilevata
95/96,Cagliari - Oristano 95,I trasporti,I trasporti,,,59,,,,rilevata
95/96,Cagliari - Oristano 95,Tavole topografiche,Tavole topografiche,cartografia,,60,,,"1 tavola, 2 pagine",rilevata
95/96,Cagliari - Oristano 95,Elenco vie,Elenco vie,,,62,,,Elenco delle vie di Oristano,rilevata
95/96,Cagliari - Oristano 95,Codici di Avviamento Postale dei Comuni della Provincia di Oristano,Codici di Avviamento Postale dei Comuni della Provincia di Oristano,,,62,,,,rilevata
95/96,Nuoro - Sassari 95,Sommario,Sommario,,,3,,,,rilevata
95/96,Nuoro - Sassari 95,Nuoro e provincia,Nuoro e provincia,,,4,,,,rilevata
95/96,Nuoro - Sassari 95,Gli appuntamenti di un anno,Gli appuntamenti di un anno,,,8,,,,rilevata
95/96,Nuoro - Sassari 95,Documenti: dove farli,Documenti: dove farli,,"si scinde da ""Cosa e dove"" nel 90/91",9,,,,rilevata
95/96,Nuoro - Sassari 95,La Provincia di Nuoro,La Provincia di Nuoro,cartografia,,10,,,Carta stradale della provincia,rilevata
95/96,Nuoro - Sassari 95,I trasporti,I trasporti,,,10,,,,rilevata
95/96,Nuoro - Sassari 95,Tavole topografiche,Tavole topografiche,cartografia,,12,,,"1 tavola, 2 pagine",rilevata
95/96,Nuoro - Sassari 95,Elenco vie,Elenco vie,,,15,,,Elenco delle vie di Nuoro,rilevata
95/96,Nuoro - Sassari 95,Codici di Avviamento Postale dei Comuni della Provincia di Nuoro,Codici di Avviamento Postale dei Comuni della Provincia di Nuoro,,,16,,,,rilevata
95/96,Nuoro - Sassari 95,Sassari e provincia,Sassari e provincia,,,19,,,,rilevata
95/96,Nuoro - Sassari 95,Gli appuntamenti di un anno,Gli appuntamenti di un anno,,,23,,,,rilevata
95/96,Nuoro - Sassari 95,Rocche e antichi paesi sulle colline dell'Anglona,Rocche e antichi paesi sulle colline dell'Anglona,,,24,,,,rilevata
95/96,Nuoro - Sassari 95,Documenti: dove farli,Documenti: dove farli,,"si scinde da ""Cosa e dove"" nel 90/91",25,,,,rilevata
95/96,Nuoro - Sassari 95,La Provincia di Sassari,La Provincia di Sassari,cartografia,,26,,,Carta stradale della provincia,rilevata
95/96,Nuoro - Sassari 95,I trasporti,I trasporti,,,26,,,,rilevata
95/96,Nuoro - Sassari 95,Tavole topografiche,Tavole topografiche,cartografia,,28,,,"4 tavole, 4 pagine",rilevata
95/96,Nuoro - Sassari 95,Elenco vie,Elenco vie,,,42,,,Elenco delle vie di tutti i comuni cartografati,rilevata
95/96,Nuoro - Sassari 95,Codici di Avviamento Postale dei Comuni della Provincia di Sassari,Codici di Avviamento Postale dei Comuni della Provincia di Sassari,,,45,,,,rilevata
96/97,Cagliari - Oristano 96,Sommario,Sommario,,,3,,,,rilevata
96/97,Cagliari - Oristano 96,Centro storico: monumenti di Cagliari,Centro storico: monumenti di Cagliari,cartografia,,5,,,Mappa con monumenti in evidenza,rilevata
96/97,Cagliari - Oristano 96,Cagliari e provincia,Cagliari e provincia,,,6,,,,rilevata
96/97,Cagliari - Oristano 96,Gli appuntamenti di un anno,Gli appuntamenti di un anno,,,19,,,,rilevata
96/97,Cagliari - Oristano 96,Documenti: dove farli,Documenti: dove farli,,"si scinde da ""Cosa e dove"" nel 90/91",21,,,,rilevata
96/97,Cagliari - Oristano 96,La Provincia di Cagliari,La Provincia di Cagliari,cartografia,,23,,,Carta stradale della provincia,rilevata
96/97,Cagliari - Oristano 96,I trasporti,I trasporti,,,23,,,,rilevata
96/97,Cagliari - Oristano 96,Tavole topografiche,Tavole topografiche,cartografia,,26,,,"7 tavole, 7 pagine",rilevata
96/97,Cagliari - Oristano 96,Elenco vie,Elenco vie,,,47,,,Elenco delle vie di tutti i comuni cartografati,rilevata
96/97,Cagliari - Oristano 96,Codici di Avviamento Postale dei Comuni della Provincia di Cagliari,Codici di Avviamento Postale dei Comuni della Provincia di Cagliari,,,52,,,,rilevata
96/97,Cagliari - Oristano 96,Oristano e provincia,Oristano e provincia,,,53,,,,rilevata
96/97,Cagliari - Oristano 96,Gli appuntamenti di un anno,Gli appuntamenti di un anno,,,57,,,,rilevata
96/97,Cagliari - Oristano 96,Documenti: dove farli,Documenti: dove farli,,"si scinde da ""Cosa e dove"" nel 90/91",59,,,,rilevata
96/97,Cagliari - Oristano 96,La Provincia di Oristano,La Provincia di Oristano,cartografia,,59,,,Carta stradale della provincia,rilevata
96/97,Cagliari - Oristano 96,I trasporti,I trasporti,,,59,,,,rilevata
96/97,Cagliari - Oristano 96,Tavole topografiche,Tavole topografiche,cartografia,,60,,,"1 tavola, 2 pagine",rilevata
96/97,Cagliari - Oristano 96,Elenco vie,Elenco vie,,,62,,,Elenco delle vie di Oristano,rilevata
96/97,Cagliari - Oristano 96,Codici di Avviamento Postale dei Comuni della Provincia di Oristano,Codici di Avviamento Postale dei Comuni della Provincia di Oristano,,,62,,,,rilevata
96/97,Nuoro - Sassari 96,Sommario,Sommario,,,3,,,,rilevata
96/97,Nuoro - Sassari 96,Nuoro e provincia,Nuoro e provincia,,,5,,,,rilevata
96/97,Nuoro - Sassari 96,Gli appuntamenti di un anno,Gli appuntamenti di un anno,,,10,,,,rilevata
96/97,Nuoro - Sassari 96,Documenti: dove farli,Documenti: dove farli,,"si scinde da ""Cosa e dove"" nel 90/91",11,,,,rilevata
96/97,Nuoro - Sassari 96,La Provincia di Nuoro,La Provincia di Nuoro,cartografia,,12,,,Carta stradale della provincia,rilevata
96/97,Nuoro - Sassari 96,I trasporti,I trasporti,,,12,,,,rilevata
96/97,Nuoro - Sassari 96,Tavole topografiche,Tavole topografiche,cartografia,,14,,,"1 tavola, 2 pagine",rilevata
96/97,Nuoro - Sassari 96,Elenco vie,Elenco vie,,,17,,,Elenco delle vie di Nuoro,rilevata
96/97,Nuoro - Sassari 96,Codici di Avviamento Postale dei Comuni della Provincia di Nuoro,Codici di Avviamento Postale dei Comuni della Provincia di Nuoro,,,17,,,,rilevata
96/97,Nuoro - Sassari 96,Sassari e provincia,Sassari e provincia,,,18,,,,rilevata
96/97,Nuoro - Sassari 96,Gli appuntamenti di un anno,Gli appuntamenti di un anno,,,25,,,,rilevata
96/97,Nuoro - Sassari 96,Documenti: dove farli,Documenti: dove farli,,"si scinde da ""Cosa e dove"" nel 90/91",26,,,,rilevata
96/97,Nuoro - Sassari 96,La Provincia di Sassari,La Provincia di Sassari,cartografia,,27,,,Carta stradale della provincia,rilevata
96/97,Nuoro - Sassari 96,I trasporti,I trasporti,,,27,,,,rilevata
96/97,Nuoro - Sassari 96,Azienda U.S.L. n.1 Sassari,Azienda U.S.L. n.1 Sassari,inserzione,,28,,,,rilevata
96/97,Nuoro - Sassari 96,Tavole topografiche,Tavole topografiche,cartografia,,30,,,"4 tavole, 4 pagine",rilevata
96/97,Nuoro - Sassari 96,Elenco vie,Elenco vie,,,43,,,Elenco delle vie di tutti i comuni cartografati,rilevata
96/97,Nuoro - Sassari 96,Codici di Avviamento Postale dei Comuni della Provincia di Sassari,Codici di Avviamento Postale dei Comuni della Provincia di Sassari,,,45,,,,rilevata
97/98,Cagliari - Oristano 97,Sommario,Sommario,,,3,,,,rilevata
97/98,Cagliari - Oristano 97,Centro storico: monumenti di Cagliari,Centro storico: monumenti di Cagliari,cartografia,,5,,,Mappa con monumenti in evidenza,rilevata
97/98,Cagliari - Oristano 97,Cagliari e provincia,Cagliari e provincia,,,6,,,,rilevata
97/98,Cagliari - Oristano 97,Gli appuntamenti di un anno,Gli appuntamenti di un anno,,,12,,,,rilevata
97/98,Cagliari - Oristano 97,La Provincia di Cagliari,La Provincia di Cagliari,cartografia,,16,,,Carta stradale della provincia,rilevata
97/98,Cagliari - Oristano 97,I trasporti,I trasporti,,,16,,,,rilevata
97/98,Cagliari - Oristano 97,Documenti: dove farli,Documenti: dove farli,,"si scinde da ""Cosa e dove"" nel 90/91",17,,,,rilevata
97/98,Cagliari - Oristano 97,Guida ai servizi sanitari,Guida ai servizi sanitari,inserzione (da confermare),,17,,,,rilevata
97/98,Cagliari - Oristano 97,Tavole topografiche,Tavole topografiche,cartografia,,18,,,"7 tavole, 7 pagine",rilevata
97/98,Cagliari - Oristano 97,Elenco vie,Elenco vie,,,39,,,Elenco delle vie di tutti i comuni cartografati,rilevata
97/98,Cagliari - Oristano 97,Codici di Avviamento Postale dei Comuni della Provincia di Cagliari,Codici di Avviamento Postale dei Comuni della Provincia di Cagliari,,,44,,,,rilevata
97/98,Cagliari - Oristano 97,Oristano e provincia,Oristano e provincia,,,45,,,,rilevata
97/98,Cagliari - Oristano 97,Gli appuntamenti di un anno,Gli appuntamenti di un anno,,,48,,,,rilevata
97/98,Cagliari - Oristano 97,Guida ai servizi sanitari,Guida ai servizi sanitari,inserzione (da confermare),,50,,,,rilevata
97/98,Cagliari - Oristano 97,Documenti: dove farli,Documenti: dove farli,,"si scinde da ""Cosa e dove"" nel 90/91",51,,,,rilevata
97/98,Cagliari - Oristano 97,La Provincia di Oristano,La Provincia di Oristano,cartografia,,51,,,Carta stradale della provincia,rilevata
97/98,Cagliari - Oristano 97,I trasporti,I trasporti,,,51,,,,rilevata
97/98,Cagliari - Oristano 97,Tavole topografiche,Tavole topografiche,cartografia,,52,,,"2 tavole, 2 pagine",rilevata
97/98,Cagliari - Oristano 97,Elenco vie,Elenco vie,,,54,,,Elenco delle vie di Oristano,rilevata
97/98,Cagliari - Oristano 97,Codici di Avviamento Postale dei Comuni della Provincia di Oristano,Codici di Avviamento Postale dei Comuni della Provincia di Oristano,,,54,,,,rilevata
97/98,Nuoro - Sassari 97,Sommario,Sommario,,,3,,,,rilevata
97/98,Nuoro - Sassari 97,Nuoro e provincia,Nuoro e provincia,,,4,,,,rilevata
97/98,Nuoro - Sassari 97,Gli appuntamenti di un anno,Gli appuntamenti di un anno,,,8,,,,rilevata
97/98,Nuoro - Sassari 97,Documenti: dove farli,Documenti: dove farli,,"si scinde da ""Cosa e dove"" nel 90/91",10,,,,rilevata
97/98,Nuoro - Sassari 97,La Provincia di Nuoro,La Provincia di Nuoro,cartografia,,11,,,Carta stradale della provincia,rilevata
97/98,Nuoro - Sassari 97,I trasporti,I trasporti,,,11,,,,rilevata
97/98,Nuoro - Sassari 97,Tavole topografiche,Tavole topografiche,cartografia,,12,,,"2 tavole, 2 pagine",rilevata
97/98,Nuoro - Sassari 97,Elenco vie,Elenco vie,,,15,,,Elenco delle vie di Nuoro,rilevata
97/98,Nuoro - Sassari 97,Codici di Avviamento Postale dei Comuni della Provincia di Nuoro,Codici di Avviamento Postale dei Comuni della Provincia di Nuoro,,,15,,,,rilevata
97/98,Nuoro - Sassari 97,Sassari e provincia,Sassari e provincia,,,16,,,,rilevata
97/98,Nuoro - Sassari 97,Gli appuntamenti di un anno,Gli appuntamenti di un anno,,,19,,,,rilevata
97/98,Nuoro - Sassari 97,Documenti: dove farli,Documenti: dove farli,,"si scinde da ""Cosa e dove"" nel 90/91",20,,,,rilevata
97/98,Nuoro - Sassari 97,La Provincia di Sassari,La Provincia di Sassari,cartografia,,21,,,Carta stradale della provincia,rilevata
97/98,Nuoro - Sassari 97,I trasporti,I trasporti,,,21,,,,rilevata
97/98,Nuoro - Sassari 97,Azienda U.S.L. n.1 Sassari,Azienda U.S.L. n.1 Sassari,inserzione,,22,,,,rilevata
97/98,Nuoro - Sassari 97,Tavole topografiche,Tavole topografiche,cartografia,,24,,,"4 tavole, 4 pagine",rilevata
97/98,Nuoro - Sassari 97,Elenco vie,Elenco vie,,,37,,,Elenco delle vie di tutti i comuni cartografati,rilevata
97/98,Nuoro - Sassari 97,Codici di Avviamento Postale dei Comuni della Provincia di Sassari,Codici di Avviamento Postale dei Comuni della Provincia di Sassari,,,39,,,"In terza di copertina, numerata come pagina 39",rilevata
98/99,Cagliari 98,Sommario,Sommario,,,5,,,,rilevata
98/99,Cagliari 98,La Provincia di Cagliari,La Provincia di Cagliari,cartografia,,6,,,Carta stradale della provincia,rilevata
98/99,Cagliari 98,Tavole topografiche,Tavole topografiche,cartografia,,8,,,"7 tavole, 7 pagine",rilevata
98/99,Cagliari 98,Emergenze e documenti,Emergenze,,,29,,,,rilevata
98/99,Cagliari 98,Documenti: dove farli,Documenti: dove farli,,"si scinde da ""Cosa e dove"" nel 90/91",29,,,,rilevata
98/99,Cagliari 98,Trasporti e parcheggi,Trasporti e parcheggi,,"assorbe ""Parcheggi"" (98/99–01/02)",33,,,Include carta stradale della provincia stile 90-97,rilevata
98/99,Cagliari 98,"Cagliari, notte e giorno","Cagliari, notte e giorno",,"confluisce in ""Notte e giorno"" dal 99/00",36,,,,rilevata
98/99,Cagliari 98,In provincia,In provincia,,"confluisce in ""Notte e giorno"" dal 99/00",37,,,,rilevata
98/99,Cagliari 98,Elenco vie,Elenco vie,,,41,,,Elenco delle vie di tutti i comuni cartografati,rilevata
98/99,Cagliari 98,Codici di Avviamento Postale dei Comuni della Provincia di Cagliari,Codici di Avviamento Postale dei Comuni della Provincia di Cagliari,,,46,,,,rilevata
99/00,Cagliari 1999/2000,Sommario,Sommario,,,5,,,,rilevata
99/00,Cagliari 1999/2000,La Provincia di Cagliari,La Provincia di Cagliari,cartografia,,6,,,Carta stradale della provincia,rilevata
99/00,Cagliari 1999/2000,Quadro di unione delle tavole topografiche della città di Cagliari,Quadro di unione delle tavole topografiche della città di Cagliari,cartografia,,8,,,,rilevata
99/00,Cagliari 1999/2000,Tavole topografiche,Tavole topografiche,cartografia,,9,,,"6 tavole, 6 pagine",rilevata
99/00,Cagliari 1999/2000,Trasporti e parcheggi,Trasporti e parcheggi,,"assorbe ""Parcheggi"" (98/99–01/02)",34,,,,rilevata
99/00,Cagliari 1999/2000,CTM Linee urbane,CTM Linee urbane,cartografia,,38,,,Mappa della rete di trasporti pubblici urbani CTM,rilevata
99/00,Cagliari 1999/2000,Emergenze,Emergenze,,,42,,,,rilevata
99/00,Cagliari 1999/2000,Notte e giorno,Notte e giorno,,"riunisce ""Cagliari, notte e giorno"" e ""In provincia""",36,,,,rilevata
99/00,Cagliari 1999/2000,Elenco vie,Elenco vie,,,45,,,Elenco delle vie di tutti i comuni cartografati,rilevata
99/00,Cagliari 1999/2000,Codici di Avviamento Postale dei Comuni della Provincia di Cagliari,Codici di Avviamento Postale dei Comuni della Provincia di Cagliari,,,53,,,,rilevata
00/01,Cagliari 2000/2001,Sommario,Sommario,,,5,,,,rilevata
00/01,Cagliari 2000/2001,La Provincia di Cagliari,La Provincia di Cagliari,cartografia,,6,,,Carta stradale della provincia,rilevata
00/01,Cagliari 2000/2001,Quadro di unione delle tavole topografiche della città di Cagliari,Quadro di unione delle tavole topografiche della città di Cagliari,cartografia,,8,,,,rilevata
00/01,Cagliari 2000/2001,Tavole topografiche,Tavole topografiche,cartografia,,9,,,"6 tavole, 6 pagine",rilevata
00/01,Cagliari 2000/2001,Trasporti e parcheggi,Trasporti e parcheggi,,"assorbe ""Parcheggi"" (98/99–01/02)",46,,,,rilevata
00/01,Cagliari 2000/2001,CTM Linee urbane,CTM Linee urbane,cartografia,,38,,,Mappa della rete di trasporti pubblici urbani CTM,rilevata
00/01,Cagliari 2000/2001,Emergenze,Emergenze,,,52,,,,rilevata
00/01,Cagliari 2000/2001,Musei e monumenti,Musei e monumenti,,,53,,,,rilevata
00/01,Cagliari 2000/2001,Notte e giorno,Notte e giorno,,"riunisce ""Cagliari, notte e giorno"" e ""In provincia""",54,,,,rilevata
00/01,Cagliari 2000/2001,Parchi e giardini,Parchi e giardini,,,57,,,,rilevata
00/01,Cagliari 2000/2001,Elenco vie,Elenco vie,,,59,,,Elenco delle vie di tutti i comuni cartografati,rilevata
00/01,Cagliari 2000/2001,Codici di Avviamento Postale dei Comuni della Provincia di Cagliari,Codici di Avviamento Postale dei Comuni della Provincia di Cagliari,,,69,,,,rilevata
01/02,Cagliari 2001/2002,Sommario,Sommario,,,3,,,,rilevata
01/02,Cagliari 2001/2002,La Provincia di Cagliari,La Provincia di Cagliari,cartografia,,4,,,Carta stradale della provincia,rilevata
01/02,Cagliari 2001/2002,Quadro di unione delle tavole topografiche della città di Cagliari,Quadro di unione delle tavole topografiche della città di Cagliari,cartografia,,6,,,,rilevata
01/02,Cagliari 2001/2002,Tavole topografiche,Tavole topografiche,cartografia,,7,,,"6 tavole, 6 pagine",rilevata
01/02,Cagliari 2001/2002,Numeri utili,Numeri utili,,riassume piu sezioni delle annate precedenti (da verificare),45,,,,rilevata
01/02,Cagliari 2001/2002,Parcheggi e trasporti,Trasporti e parcheggi,,,46,,,,rilevata
01/02,Cagliari 2001/2002,CTM Linee urbane,CTM Linee urbane,cartografia,,48,,,Mappa della rete di trasporti pubblici urbani CTM,rilevata
01/02,Cagliari 2001/2002,Elenco vie,Elenco vie,,,53,,,Elenco delle vie di tutti i comuni cartografati,rilevata
01/02,Cagliari 2001/2002,Codici di Avviamento Postale dei Comuni della Provincia di Cagliari,Codici di Avviamento Postale dei Comuni della Provincia di Cagliari,,,62,,,,rilevata
02/03,Cagliari 2002/2003,Sommario,Sommario,,,5,,,,rilevata
02/03,Cagliari 2002/2003,Quadro di unione delle tavole topografiche della città di Cagliari,Quadro di unione delle tavole topografiche della città di Cagliari,cartografia,,8,,,,rilevata
02/03,Cagliari 2002/2003,Tavole topografiche,Tavole topografiche,cartografia,,9,,,"6 tavole, 6 pagine",rilevata
02/03,Cagliari 2002/2003,La Provincia di Cagliari,La Provincia di Cagliari,cartografia,,15,,,Carta stradale della provincia,rilevata
02/03,Cagliari 2002/2003,Tavole topografiche,Tavole topografiche,cartografia,,16,,,"1 tavola, 1 pagina",rilevata
02/03,Cagliari 2002/2003,Numeri utili,Numeri utili,,riassume piu sezioni delle annate precedenti (da verificare),47,,,,rilevata
02/03,Cagliari 2002/2003,Parcheggi,Parcheggi,,"si scinde da ""Trasporti e parcheggi"" nel 02/03",49,,,,rilevata
02/03,Cagliari 2002/2003,Trasporti,Trasporti,,,50,,,,rilevata
02/03,Cagliari 2002/2003,CTM Linee urbane,CTM Linee urbane,cartografia,,52,,,Mappa della rete di trasporti pubblici urbani CTM,rilevata
02/03,Cagliari 2002/2003,Notte e giorno,Notte e giorno,,"riunisce ""Cagliari, notte e giorno"" e ""In provincia""",55,,,,rilevata
02/03,Cagliari 2002/2003,Elenco vie,Elenco vie,,,59,,,Elenco delle vie di tutti i comuni cartografati,rilevata
02/03,Cagliari 2002/2003,Codici di Avviamento Postale dei Comuni della Provincia di Cagliari,Codici di Avviamento Postale dei Comuni della Provincia di Cagliari,,,70,,,,rilevata
03/04,Cagliari 2003/2004,Sommario,Sommario,,,3,,,,rilevata
03/04,Cagliari 2003/2004,Quadro di unione delle tavole topografiche della città di Cagliari,Quadro di unione delle tavole topografiche della città di Cagliari,cartografia,,6,,,,rilevata
03/04,Cagliari 2003/2004,Tavole topografiche,Tavole topografiche,cartografia,,9,,,"6 tavole, 6 pagine",rilevata
03/04,Cagliari 2003/2004,La Provincia di Cagliari,La Provincia di Cagliari,cartografia,,15,,,Carta stradale della provincia,rilevata
03/04,Cagliari 2003/2004,Tavole topografiche,Tavole topografiche,cartografia,,16,,,"1 tavola, 1 pagina",rilevata
03/04,Cagliari 2003/2004,Numeri utili,Numeri utili,,riassume piu sezioni delle annate precedenti (da verificare),47,,,,rilevata
03/04,Cagliari 2003/2004,Trasporti,Trasporti,,,48,,,,rilevata
03/04,Cagliari 2003/2004,CTM Linee urbane,CTM Linee urbane,cartografia,,50,,,Mappa della rete di trasporti pubblici urbani CTM,rilevata
03/04,Cagliari 2003/2004,Parcheggi,Parcheggi,,"si scinde da ""Trasporti e parcheggi"" nel 02/03",52,,,,rilevata
03/04,Cagliari 2003/2004,Manifestazioni,Manifestazioni,,,55,,,,rilevata
03/04,Cagliari 2003/2004,Elenco vie,Elenco vie,,,59,,,Elenco delle vie di tutti i comuni cartografati,rilevata
03/04,Cagliari 2003/2004,Codici di Avviamento Postale dei Comuni della Provincia di Cagliari,Codici di Avviamento Postale dei Comuni della Provincia di Cagliari,,,77,,,,rilevata
04/05,Cagliari 2004,Sommario,Sommario,,,3,,,,rilevata
04/05,Cagliari 2004,Quadro di unione delle tavole topografiche della città di Cagliari,Quadro di unione delle tavole topografiche della città di Cagliari,cartografia,,4,,,,rilevata
04/05,Cagliari 2004,Tavole topografiche,Tavole topografiche,cartografia,,7,,,"6 tavole, 6 pagine",rilevata
04/05,Cagliari 2004,La Provincia di Cagliari,La Provincia di Cagliari,cartografia,,13,,,Carta stradale della provincia,rilevata
04/05,Cagliari 2004,Tavole topografiche,Tavole topografiche,cartografia,,14,,,"1 tavola, 1 pagina",rilevata
04/05,Cagliari 2004,Numeri utili,Numeri utili,,riassume piu sezioni delle annate precedenti (da verificare),47,,,,rilevata
04/05,Cagliari 2004,Trasporti,Trasporti,,,48,,,,rilevata
04/05,Cagliari 2004,CTM Linee urbane,CTM Linee urbane,cartografia,,50,,,Mappa della rete di trasporti pubblici urbani CTM,rilevata
04/05,Cagliari 2004,Parcheggi,Parcheggi,,"si scinde da ""Trasporti e parcheggi"" nel 02/03",52,,,,rilevata
04/05,Cagliari 2004,Manifestazioni,Manifestazioni,,,53,,,,rilevata
04/05,Cagliari 2004,Elenco vie,Elenco vie,,,57,,,Elenco delle vie di tutti i comuni cartografati,rilevata
04/05,Cagliari 2004,Codici di Avviamento Postale dei Comuni della Provincia di Cagliari,Codici di Avviamento Postale dei Comuni della Provincia di Cagliari,,,69,,,,rilevata
05/06,Cagliari 2005,Sommario,Sommario,,,3,,,,rilevata
05/06,Cagliari 2005,Quadro di unione delle tavole topografiche della città di Cagliari,Quadro di unione delle tavole topografiche della città di Cagliari,cartografia,,4,,,,rilevata
05/06,Cagliari 2005,Tavole topografiche,Tavole topografiche,cartografia,,6,,,"7 tavole, 7 pagine",rilevata
05/06,Cagliari 2005,La Provincia di Cagliari,La Provincia di Cagliari,cartografia,,13,,,Carta stradale della provincia,rilevata
05/06,Cagliari 2005,Tavole topografiche,Tavole topografiche,cartografia,,14,,,"1 tavola, 1 pagina",rilevata
05/06,Cagliari 2005,Numeri utili,Numeri utili,,riassume piu sezioni delle annate precedenti (da verificare),47,,,,rilevata
05/06,Cagliari 2005,Trasporti,Trasporti,,,48,,,,rilevata
05/06,Cagliari 2005,CTM Linee urbane,CTM Linee urbane,cartografia,,50,,,Mappa della rete di trasporti pubblici urbani CTM,rilevata
05/06,Cagliari 2005,Parcheggi,Parcheggi,,"si scinde da ""Trasporti e parcheggi"" nel 02/03",52,,,,rilevata
05/06,Cagliari 2005,Elenco vie,Elenco vie,,,57,,,Elenco delle vie di tutti i comuni cartografati,rilevata
05/06,Cagliari 2005,Codici di Avviamento Postale dei Comuni della Provincia di Cagliari,Codici di Avviamento Postale dei Comuni della Provincia di Cagliari,,,69,,,,rilevata
06/07,Cagliari 2006,Sommario,Sommario,,,1,,,,rilevata
06/07,Cagliari 2006,La Provincia di Cagliari,La Provincia di Cagliari,cartografia,,4,,,Carta stradale della provincia,rilevata
06/07,Cagliari 2006,Quadro di unione delle tavole topografiche della città di Cagliari,Quadro di unione delle tavole topografiche della città di Cagliari,cartografia,,7,,,,rilevata
06/07,Cagliari 2006,Tavole topografiche,Tavole topografiche,cartografia,,8,,,"7 tavole, 7 pagine",rilevata
06/07,Cagliari 2006,Elenco vie,Elenco vie,,,49,,,Elenco delle vie di tutti i comuni cartografati,rilevata
06/07,Cagliari 2006,Codici di Avviamento Postale dei Comuni della Provincia di Cagliari,Codici di Avviamento Postale dei Comuni della Provincia di Cagliari,,,69,,,,rilevata
06/07,Cagliari 2006,Numeri utili,Numeri utili,,riassume piu sezioni delle annate precedenti (da verificare),72,,,,rilevata
06/07,Cagliari 2006,Trasporti,Trasporti,,,74,,,,rilevata
06/07,Cagliari 2006,CTM Linee urbane,CTM Linee urbane,cartografia,,50,,,Mappa della rete di trasporti pubblici urbani CTM,rilevata
06/07,Cagliari 2006,Parcheggi,Parcheggi,,"si scinde da ""Trasporti e parcheggi"" nel 02/03",52,,,,rilevata
07/08,Cagliari 2007,Sommario,Sommario,,,1,,,,rilevata
07/08,Cagliari 2007,La Provincia di Cagliari,La Provincia di Cagliari,cartografia,,8,,,Carta stradale della provincia,rilevata
07/08,Cagliari 2007,Quadro di unione delle tavole topografiche della città di Cagliari,Quadro di unione delle tavole topografiche della città di Cagliari,cartografia,,11,,,,rilevata
07/08,Cagliari 2007,Tavole topografiche,Tavole topografiche,cartografia,,14,,,"7 tavole, 7 pagine",rilevata
07/08,Cagliari 2007,Elenco vie,Elenco vie,,,55,,,Elenco delle vie di tutti i comuni cartografati,rilevata
07/08,Cagliari 2007,Codici di Avviamento Postale dei Comuni della Provincia di Cagliari,Codici di Avviamento Postale dei Comuni della Provincia di Cagliari,,,79,,,,rilevata
07/08,Cagliari 2007,Numeri utili,Numeri utili,,riassume piu sezioni delle annate precedenti (da verificare),81,,,,rilevata
07/08,Cagliari 2007,Trasporti,Trasporti,,,82,,,,rilevata
07/08,Cagliari 2007,CTM Linee urbane,CTM Linee urbane,cartografia,,84,,,Mappa della rete di trasporti pubblici urbani CTM,rilevata
07/08,Cagliari 2007,Parcheggi,Parcheggi,,"si scinde da ""Trasporti e parcheggi"" nel 02/03",86,,,,rilevata
08/09,Cagliari 2008/2009,Numeri utili,Numeri utili,,riassume piu sezioni delle annate precedenti (da verificare),II di copertina,,,,rilevata
08/09,Cagliari 2008/2009,Sommario,Sommario,,,1,,,,rilevata
08/09,Cagliari 2008/2009,La Provincia di Cagliari,La Provincia di Cagliari,cartografia,,4,,,Carta stradale della provincia,rilevata
08/09,Cagliari 2008/2009,Quadro di unione delle tavole topografiche della città di Cagliari,Quadro di unione delle tavole topografiche della città di Cagliari,cartografia,,5,,,,rilevata
08/09,Cagliari 2008/2009,Tavole topografiche,Tavole topografiche,cartografia,,8,,,"7 tavole, 7 pagine",rilevata
08/09,Cagliari 2008/2009,Elenco vie,Elenco vie,,,47,,,Elenco delle vie di tutti i comuni cartografati,rilevata
08/09,Cagliari 2008/2009,Codici di Avviamento Postale dei Comuni della Provincia di Cagliari,Codici di Avviamento Postale dei Comuni della Provincia di Cagliari,,,55,,,,rilevata
09/10,Cagliari - Carbonia Iglesias - Medio Campidano 2009/2010,Sommario,Sommario,,,1,,,,rilevata
09/10,Cagliari - Carbonia Iglesias - Medio Campidano 2009/2010,Weekend fuori città,Weekend fuori città,,,2,,,,rilevata
09/10,Cagliari - Carbonia Iglesias - Medio Campidano 2009/2010,Quadro di unione delle tavole topografiche della città di Cagliari,Quadro di unione delle tavole topografiche della città di Cagliari,cartografia,,3,,,,rilevata
09/10,Cagliari - Carbonia Iglesias - Medio Campidano 2009/2010,Tavole topografiche,Tavole topografiche,cartografia,,4,,,"7 tavole, 7 pagine",rilevata
09/10,Cagliari - Carbonia Iglesias - Medio Campidano 2009/2010,Elenco vie,Elenco vie,,,42,,,Elenco delle vie di tutti i comuni cartografati,rilevata
10/11,Cagliari - Carbonia Iglesias - Medio Campidano 2010/2011,Sommario,Sommario,,,1,,,"Inserto estraibile ""Agenzia del territorio"", di 32 pagine",rilevata
10/11,Cagliari - Carbonia Iglesias - Medio Campidano 2010/2011,Numeri utili,Numeri utili,,riassume piu sezioni delle annate precedenti (da verificare),8,,,,rilevata
10/11,Cagliari - Carbonia Iglesias - Medio Campidano 2010/2011,Quadro di unione di Cagliari,Quadro di unione delle tavole topografiche della città di Cagliari,cartografia,,10,,,,rilevata
10/11,Cagliari - Carbonia Iglesias - Medio Campidano 2010/2011,Tavole topografiche,Tavole topografiche,cartografia,,11,,,"14 tavole, 14 pagine",rilevata
10/11,Cagliari - Carbonia Iglesias - Medio Campidano 2010/2011,Trasporti,Trasporti,,,25,,,,rilevata
10/11,Cagliari - Carbonia Iglesias - Medio Campidano 2010/2011,Tavole topografiche,Tavole topografiche,cartografia,,26,,,"2 tavole, 2 pagine",rilevata
10/11,Cagliari - Carbonia Iglesias - Medio Campidano 2010/2011,Carta stradale,Carta stradale,cartografia,,31,,,Carta stradale della Sardegna meridionale,rilevata
10/11,Cagliari - Carbonia Iglesias - Medio Campidano 2010/2011,Tavole topografiche,Tavole topografiche,cartografia,,32,,,"2 tavole, 2 pagine",rilevata
10/11,Cagliari - Carbonia Iglesias - Medio Campidano 2010/2011,Elenco vie,Elenco vie,,,40,,,Elenco delle vie di tutti i comuni cartografati,rilevata
11/12,Cagliari - Carbonia Iglesias - Medio Campidano 2011/2012,Sommario,Sommario,,,1,,,"Inserto estraibile ""Agenzia del territorio"", di 32 pagine",rilevata
11/12,Cagliari - Carbonia Iglesias - Medio Campidano 2011/2012,Quadro di unione di Cagliari,Quadro di unione delle tavole topografiche della città di Cagliari,cartografia,,10,,,,rilevata
11/12,Cagliari - Carbonia Iglesias - Medio Campidano 2011/2012,Tavole topografiche,Tavole topografiche,cartografia,,11,,,"14 tavole, 14 pagine",rilevata
11/12,Cagliari - Carbonia Iglesias - Medio Campidano 2011/2012,Carta stradale,Carta stradale,cartografia,,46,,,Carta stradale della Sardegna meridionale,rilevata
11/12,Cagliari - Carbonia Iglesias - Medio Campidano 2011/2012,Elenco vie,Elenco vie,,,47,,,Elenco delle vie di tutti i comuni cartografati,rilevata
12/13,Cagliari - Carbonia Iglesias - Medio Campidano 2012/2013,Sommario,Sommario,,,1,,,"Inserto estraibile ""Agenzia del territorio"", di 32 pagine",rilevata
12/13,Cagliari - Carbonia Iglesias - Medio Campidano 2012/2013,Itinerario natura,Itinerario natura,,,2,,,,rilevata
12/13,Cagliari - Carbonia Iglesias - Medio Campidano 2012/2013,Quadro di unione di Cagliari,Quadro di unione delle tavole topografiche della città di Cagliari,cartografia,,4,,,,rilevata
12/13,Cagliari - Carbonia Iglesias - Medio Campidano 2012/2013,Tavole topografiche,Tavole topografiche,cartografia,,5,,,"14 tavole, 14 pagine",rilevata
12/13,Cagliari - Carbonia Iglesias - Medio Campidano 2012/2013,Elenco vie,Elenco vie,,,38,,,Elenco delle vie di tutti i comuni cartografati,rilevata
13/14,Cagliari - Carbonia Iglesias - Medio Campidano 2013/2014,Sommario,Sommario,,,1,,,"Inserto estraibile ""Agenzia del territorio"", di 32 pagine",rilevata
13/14,Cagliari - Carbonia Iglesias - Medio Campidano 2013/2014,La mappa della memoria,La mappa della memoria,,,2,,,,rilevata
13/14,Cagliari - Carbonia Iglesias - Medio Campidano 2013/2014,Numeri utili di Cagliari,Numeri utili di Cagliari,,,6,,,,rilevata
13/14,Cagliari - Carbonia Iglesias - Medio Campidano 2013/2014,Quadro di unione di Cagliari,Quadro di unione delle tavole topografiche della città di Cagliari,cartografia,,8,,,,rilevata
13/14,Cagliari - Carbonia Iglesias - Medio Campidano 2013/2014,Tavole topografiche,Tavole topografiche,cartografia,,9,,,"14 tavole, 14 pagine",rilevata
13/14,Cagliari - Carbonia Iglesias - Medio Campidano 2013/2014,Itinerario urbano,Itinerario urbano,,,38,,,,rilevata
13/14,Cagliari - Carbonia Iglesias - Medio Campidano 2013/2014,Tavole topografiche,Tavole topografiche,cartografia,,41,,,"3 tavole, 3 pagine",rilevata
13/14,Cagliari - Carbonia Iglesias - Medio Campidano 2013/2014,Numeri utili di Carbonia Iglesias,Numeri utili di Carbonia Iglesias,,,46,,,,rilevata
13/14,Cagliari - Carbonia Iglesias - Medio Campidano 2013/2014,Numeri utili del Medio Campidano,Numeri utili del Medio Campidano,,,47,,,,rilevata
13/14,Cagliari - Carbonia Iglesias - Medio Campidano 2013/2014,Tavole topografiche,Tavole topografiche,cartografia,,48,,,"2 tavole, 2 pagine",rilevata
13/14,Cagliari - Carbonia Iglesias - Medio Campidano 2013/2014,Elenco vie,Elenco vie,,,52,,,Elenco delle vie di tutti i comuni cartografati,rilevata
14/15,Cagliari - Carbonia Iglesias - Medio Campidano 2014/2015,Sommario,Sommario,,,1,,,"Inserto estraibile ""Agenzia del territorio"", di 32 pagine",rilevata
14/15,Cagliari - Carbonia Iglesias - Medio Campidano 2014/2015,La città che cambia,La città che cambia,,,2,,,,rilevata
14/15,Cagliari - Carbonia Iglesias - Medio Campidano 2014/2015,Quadro di unione di Cagliari,Quadro di unione delle tavole topografiche della città di Cagliari,cartografia,,4,,,,rilevata
14/15,Cagliari - Carbonia Iglesias - Medio Campidano 2014/2015,Tavole topografiche,Tavole topografiche,cartografia,,5,,,"14 tavole, 14 pagine",rilevata
14/15,Cagliari - Carbonia Iglesias - Medio Campidano 2014/2015,La città che cambia,La città che cambia,,,34,,,,rilevata
14/15,Cagliari - Carbonia Iglesias - Medio Campidano 2014/2015,Tavole topografiche,Tavole topografiche,cartografia,,35,,,"3 tavole, 3 pagine",rilevata
14/15,Cagliari - Carbonia Iglesias - Medio Campidano 2014/2015,Elenco vie,Elenco vie,,,44,,,Elenco delle vie di tutti i comuni cartografati,rilevata
