annata,fascicolo,citta,pagina,tavole,pagine_tavola,elenco_vie,illustrazioni,nota,cambiamenti
81/82,Cagliari - Nuoro - Oristano - Sassari 81,Cagliari,14,6,6,sezione dedicata,,"6 tavole, 6 pagine",
81/82,Cagliari - Nuoro - Oristano - Sassari 81,Quartu Sant'Elena,20,1,1,pagina a fronte,,"1 tavola, 1 pagina; elenco delle vie con foto della città",
81/82,Cagliari - Nuoro - Oristano - Sassari 81,Nuoro,29,1,1,sezione dedicata,,"1 tavola, 1 pagina",
81/82,Cagliari - Nuoro - Oristano - Sassari 81,Oristano,37,1,1,sezione dedicata,,"1 tavola, 1 pagina",
81/82,Cagliari - Nuoro - Oristano - Sassari 81,Sassari,49,3,3,sezione dedicata,,"3 tavole, 3 pagine",
81/82,Cagliari - Nuoro - Oristano - Sassari 81,Alghero,52,1,1,pagina a fronte,,"1 tavola, 1 pagina; elenco delle vie con foto della città",
81/82,Cagliari - Nuoro - Oristano - Sassari 81,Olbia,54,1,1,pagina a fronte,,"1 tavola, 1 pagina; elenco delle vie",
82/83,Cagliari - Nuoro - Oristano - Sassari 82,Cagliari,16,6,6,sezione dedicata,,"6 tavole, 6 pagine",
82/83,Cagliari - Nuoro - Oristano - Sassari 82,Carbonia,22,1,2,margini,monumenti,"1 tavola, 2 pagine; elenco delle vie ai margini; illustrazioni di monumenti",Nuovo comune cartografato
82/83,Cagliari - Nuoro - Oristano - Sassari 82,Quartu Sant'Elena,24,1,2,margini,monumenti,"1 tavola, 2 pagine; elenco delle vie ai margini; illustrazioni di monumenti",Aumento della superficie cartografata
82/83,Cagliari - Nuoro - Oristano - Sassari 82,Nuoro,32,1,2,margini,monumenti,"1 tavola, 2 pagine; elenco delle vie ai margini; illustrazioni di monumenti",Aumento della superficie cartografata
82/83,Cagliari - Nuoro - Oristano - Sassari 82,Oristano,40,1,2,margini,monumenti,"1 tavola, 2 pagine; elenco delle vie ai margini; illustrazioni di monumenti",Aumento della superficie cartografata
82/83,Cagliari - Nuoro - Oristano - Sassari 82,Sassari,55,3,3,sezione dedicata,,"3 tavole, 3 pagine",
82/83,Cagliari - Nuoro - Oristano - Sassari 82,Alghero,58,1,2,margini,monumenti,"1 tavola, 2 pagine; elenco delle vie ai margini; illustrazioni di monumenti",Aumento della superficie cartografata
82/83,Cagliari - Nuoro - Oristano - Sassari 82,Olbia,60,1,2,margini,,"1 tavola, 2 pagine; elenco delle vie ai margini",Aumento della superficie cartografata
82/83,Cagliari - Nuoro - Oristano - Sassari 82,Porto Torres,62,1,2,margini,monumenti,"1 tavola, 2 pagine; elenco delle vie ai margini; illustrazioni di monumenti",Nuovo comune cartografato
83/84,Cagliari - Nuoro - Oristano - Sassari 83,Cagliari,16,6,6,sezione dedicata,,"6 tavole, 6 pagine",
83/84,Cagliari - Nuoro - Oristano - Sassari 83,Carbonia,22,1,2,margini,monumenti,"1 tavola, 2 pagine; elenco delle vie ai margini; illustrazioni di monumenti",
83/84,Cagliari - Nuoro - Oristano - Sassari 83,Quartu Sant'Elena,24,1,2,margini,monumenti,"1 tavola, 2 pagine; elenco delle vie ai margini; illustrazioni di monumenti",
83/84,Cagliari - Nuoro - Oristano - Sassari 83,Nuoro,32,1,2,margini,monumenti,"1 tavola, 2 pagine; elenco delle vie ai margini; illustrazioni di monumenti",
83/84,Cagliari - Nuoro - Oristano - Sassari 83,Oristano,40,1,2,margini,monumenti,"1 tavola, 2 pagine; elenco delle vie ai margini; illustrazioni di monumenti",
83/84,Cagliari - Nuoro - Oristano - Sassari 83,Sassari,55,3,3,sezione dedicata,,"3 tavole, 3 pagine",
83/84,Cagliari - Nuoro - Oristano - Sassari 83,Alghero,58,1,2,margini,monumenti,"1 tavola, 2 pagine; elenco delle vie ai margini; illustrazioni di monumenti",
83/84,Cagliari - Nuoro - Oristano - Sassari 83,Olbia,60,1,2,margini,,"1 tavola, 2 pagine; elenco delle vie ai margini",
83/84,Cagliari - Nuoro - Oristano - Sassari 83,Porto Torres,62,1,2,margini,monumenti,"1 tavola, 2 pagine; elenco delle vie ai margini; illustrazioni di monumenti",
84/85,Cagliari - Oristano 84,Cagliari,16,7,7,sezione dedicata,,"7 tavole, 7 pagine",Aumento della superficie cartografata; Aggiornamenti nella cartografia (Monserrato)
84/85,Cagliari - Oristano 84,Carbonia,26,1,2,margini,monumenti,"1 tavola, 2 pagine; elenco delle vie ai margini; illustrazioni di monumenti",
84/85,Cagliari - Oristano 84,Iglesias,28,1,2,margini,monumenti,"1 tavola, 2 pagine; elenco delle vie ai margini; illustrazioni di monumenti",Nuovo comune cartografato
84/85,Cagliari - Oristano 84,Quartu Sant'Elena,30,1,2,margini,monumenti,"1 tavola, 2 pagine; elenco delle vie ai margini; illustrazioni di monumenti",
84/85,Cagliari - Oristano 84,Oristano,38,1,2,margini,monumenti,"1 tavola, 2 pagine; elenco delle vie ai margini; illustrazioni di monumenti",
84/85,Nuoro - Sassari 84,Nuoro,8,1,2,margini,monumenti,"1 tavola, 2 pagine; elenco delle vie ai margini; illustrazioni di monumenti",
84/85,Nuoro - Sassari 84,Sassari,21,3,3,sezione dedicata,,"3 tavole, 3 pagine",
84/85,Nuoro - Sassari 84,Alghero,26,1,2,margini,monumenti,"1 tavola, 2 pagine; elenco delle vie ai margini; illustrazioni di monumenti",
84/85,Nuoro - Sassari 84,Olbia,28,1,2,margini,,"1 tavola, 2 pagine; elenco delle vie ai margini",
84/85,Nuoro - Sassari 84,Porto Torres,30,1,2,margini,monumenti,"1 tavola, 2 pagine; elenco delle vie ai margini; illustrazioni di monumenti",
85/86,Cagliari - Oristano 85,Cagliari,16,7,7,sezione dedicata,,"7 tavole, 7 pagine",
85/86,Cagliari - Oristano 85,Carbonia,26,1,2,margini,monumenti,"1 tavola, 2 pagine; elenco delle vie ai margini; illustrazioni di monumenti",
85/86,Cagliari - Oristano 85,Iglesias,28,1,2,margini,monumenti,"1 tavola, 2 pagine; elenco delle vie ai margini; illustrazioni di monumenti",
85/86,Cagliari - Oristano 85,Quartu Sant'Elena,30,1,2,margini,monumenti,"1 tavola, 2 pagine; elenco delle vie ai margini; illustrazioni di monumenti",
85/86,Cagliari - Oristano 85,Oristano,38,1,2,margini,monumenti,"1 tavola, 2 pagine; elenco delle vie ai margini; illustrazioni di monumenti",
85/86,Nuoro - Sassari 85,Nuoro,8,1,2,margini,monumenti,"1 tavola, 2 pagine; elenco delle vie ai margini; illustrazioni di monumenti",
85/86,Nuoro - Sassari 85,Sassari,21,3,3,sezione dedicata,,"3 tavole, 3 pagine",
85/86,Nuoro - Sassari 85,Alghero,26,1,2,margini,monumenti,"1 tavola, 2 pagine; elenco delle vie ai margini; illustrazioni di monumenti",
85/86,Nuoro - Sassari 85,Olbia,28,1,2,margini,,"1 tavola, 2 pagine; elenco delle vie ai margini",
85/86,Nuoro - Sassari 85,Porto Torres,30,1,2,margini,monumenti,"1 tavola, 2 pagine; elenco delle vie ai margini; illustrazioni di monumenti",
86/87,Cagliari - Oristano 86,Cagliari,16,7,7,sezione dedicata,,"7 tavole, 7 pagine",
86/87,Cagliari - Oristano 86,Carbonia,26,1,2,margini,monumenti,"1 tavola, 2 pagine; elenco delle vie ai margini; illustrazioni di monumenti",
86/87,Cagliari - Oristano 86,Iglesias,28,1,2,margini,monumenti,"1 tavola, 2 pagine; elenco delle vie ai margini; illustrazioni di monumenti",
86/87,Cagliari - Oristano 86,Quartu Sant'Elena,30,1,2,margini,monumenti,"1 tavola, 2 pagine; elenco delle vie ai margini; illustrazioni di monumenti",
86/87,Cagliari - Oristano 86,Oristano,38,1,2,margini,monumenti,"1 tavola, 2 pagine; elenco delle vie ai margini; illustrazioni di monumenti",
86/87,Nuoro - Sassari 86,Nuoro,8,1,2,margini,monumenti,"1 tavola, 2 pagine; elenco delle vie ai margini; illustrazioni di monumenti",Aggiornamenti nella cartografia
86/87,Nuoro - Sassari 86,Sassari,21,3,3,sezione dedicata,,"3 tavole, 3 pagine",
86/87,Nuoro - Sassari 86,Alghero,26,1,2,margini,monumenti,"1 tavola, 2 pagine; elenco delle vie ai margini; illustrazioni di monumenti",
86/87,Nuoro - Sassari 86,Olbia,28,1,2,margini,,"1 tavola, 2 pagine; elenco delle vie ai margini",
86/87,Nuoro - Sassari 86,Porto Torres,30,1,2,margini,monumenti,"1 tavola, 2 pagine; elenco delle vie ai margini; illustrazioni di monumenti",
87/88,Cagliari - Oristano 87,Cagliari,16,7,7,sezione dedicata,,"7 tavole, 7 pagine",
87/88,Cagliari - Oristano 87,Carbonia,26,1,2,margini,monumenti,"1 tavola, 2 pagine; elenco delle vie ai margini; illustrazioni di monumenti",
87/88,Cagliari - Oristano 87,Iglesias,28,1,2,margini,monumenti,"1 tavola, 2 pagine; elenco delle vie ai margini; illustrazioni di monumenti",
87/88,Cagliari - Oristano 87,Quartu Sant'Elena,30,1,2,margini,monumenti,"1 tavola, 2 pagine; elenco delle vie ai margini; illustrazioni di monumenti",Nuova cartografia rinnovata
87/88,Cagliari - Oristano 87,Oristano,38,1,2,margini,monumenti,"1 tavola, 2 pagine; elenco delle vie ai margini; illustrazioni di monumenti",Aggiornamenti nella cartografia
87/88,Nuoro - Sassari 87,Nuoro,8,1,2,margini,monumenti,"1 tavola, 2 pagine; elenco delle vie ai margini; illustrazioni di monumenti",Nuova cartografia rinnovata
87/88,Nuoro - Sassari 87,Sassari,21,3,3,sezione dedicata,,"3 tavole, 3 pagine",
87/88,Nuoro - Sassari 87,Alghero,26,1,2,margini,monumenti,"1 tavola, 2 pagine; elenco delle vie ai margini; illustrazioni di monumenti",
87/88,Nuoro - Sassari 87,Olbia,28,1,2,margini,,"1 tavola, 2 pagine; elenco delle vie ai margini",
87/88,Nuoro - Sassari 87,Porto Torres,30,1,2,margini,monumenti,"1 tavola, 2 pagine; elenco delle vie ai margini; illustrazioni di monumenti",
88/89,Cagliari - Oristano 88,Cagliari,16,7,7,sezione dedicata,,"7 tavole, 7 pagine",
88/89,Cagliari - Oristano 88,Carbonia,26,1,2,margini,monumenti,"1 tavola, 2 pagine; elenco delle vie ai margini; illustrazioni di monumenti",
88/89,Cagliari - Oristano 88,Iglesias,28,1,2,margini,monumenti,"1 tavola, 2 pagine; elenco delle vie ai margini; illustrazioni di monumenti",
88/89,Cagliari - Oristano 88,Quartu Sant'Elena,30,1,2,margini,monumenti,"1 tavola, 2 pagine; elenco delle vie ai margini; illustrazioni di monumenti",
88/89,Cagliari - Oristano 88,Oristano,38,1,2,margini,monumenti,"1 tavola, 2 pagine; elenco delle vie ai margini; illustrazioni di monumenti",
88/89,Nuoro - Sassari 88,Nuoro,6,1,2,margini,monumenti,"1 tavola, 2 pagine; elenco delle vie ai margini; illustrazioni di monumenti",Aggiornamenti nella cartografia
88/89,Nuoro - Sassari 88,Sassari,19,3,3,sezione dedicata,,"3 tavole, 3 pagine",
88/89,Nuoro - Sassari 88,Alghero,26,1,2,margini,monumenti,"1 tavola, 2 pagine; elenco delle vie ai margini; illustrazioni di monumenti",
88/89,Nuoro - Sassari 88,Olbia,28,1,2,margini,,"1 tavola, 2 pagine; elenco delle vie ai margini",
88/89,Nuoro - Sassari 88,Porto Torres,30,1,2,margini,monumenti,"1 tavola, 2 pagine; elenco delle vie ai margini; illustrazioni di monumenti",
89/90,Cagliari - Oristano 89,Cagliari,16,7,7,sezione dedicata,,"7 tavole, 7 pagine",
89/90,Cagliari - Oristano 89,Carbonia,26,1,2,margini,monumenti,"1 tavola, 2 pagine; elenco delle vie ai margini; illustrazioni di monumenti",
89/90,Cagliari - Oristano 89,Iglesias,28,1,2,margini,monumenti,"1 tavola, 2 pagine; elenco delle vie ai margini; illustrazioni di monumenti",
89/90,Cagliari - Oristano 89,Quartu Sant'Elena,30,1,2,margini,monumenti,"1 tavola, 2 pagine; elenco delle vie ai margini; illustrazioni di monumenti",Nuova cartografia rinnovata
89/90,Cagliari - Oristano 89,Oristano,38,1,2,margini,monumenti,"1 tavola, 2 pagine; elenco delle vie ai margini; illustrazioni di monumenti",Aggiornamenti nella cartografia
89/90,Nuoro - Sassari 89,Nuoro,6,1,2,margini,monumenti,"1 tavola, 2 pagine; elenco delle vie ai margini; illustrazioni di monumenti",
89/90,Nuoro - Sassari 89,Sassari,21,3,3,sezione dedicata,,"3 tavole, 3 pagine",
89/90,Nuoro - Sassari 89,Alghero,26,1,2,margini,monumenti,"1 tavola, 2 pagine; elenco delle vie ai margini; illustrazioni di monumenti",
89/90,Nuoro - Sassari 89,Olbia,28,1,2,margini,,"1 tavola, 2 pagine; elenco delle vie ai margini",
89/90,Nuoro - Sassari 89,Porto Torres,30,1,2,margini,monumenti,"1 tavola, 2 pagine; elenco delle vie ai margini; illustrazioni di monumenti",
90/91,Cagliari - Oristano 90/91,Cagliari,18,7,7,sezione dedicata,,"7 tavole, 7 pagine",Aumento della superficie cartografata; nuovo assortimento delle tavole
90/91,Cagliari - Oristano 90/91,Guspini,25,1,1,sezione dedicata,,"1 tavola, 1 pagina",Nuovo comune cartografato
90/91,Cagliari - Oristano 90/91,Carbonia,26,1,2,sezione dedicata,,"1 tavola, 2 pagine",Riduzione della superficie cartografata
90/91,Cagliari - Oristano 90/91,Iglesias,28,1,2,sezione dedicata,,"1 tavola, 2 pagine",Aumento della superficie cartografata
90/91,Cagliari - Oristano 90/91,Quartu Sant'Elena,30,1,2,sezione dedicata,,"1 tavola, 2 pagine",Aumento della superficie cartografata
90/91,Cagliari - Oristano 90/91,Oristano,44,1,2,sezione dedicata,,"1 tavola, 2 pagine",Aumento della superficie cartografata; Aggiornamenti nella cartografia
90/91,Nuoro - Sassari 90/91,Nuoro,10,1,2,sezione dedicata,,"1 tavola, 2 pagine",Aumento della superficie cartografata
90/91,Nuoro - Sassari 90/91,Sassari,24,4,4,sezione dedicata,,"4 tavole, 4 pagine",Aumento della superficie cartografata
90/91,Nuoro - Sassari 90/91,Zona industriale Predda Niedda,28,2,2,sezione dedicata,,"2 tavole, 2 pagine",Nuova area cartografata
90/91,Nuoro - Sassari 90/91,Alghero,30,1,2,sezione dedicata,,"1 tavola, 2 pagine",Aumento della superficie cartografata
90/91,Nuoro - Sassari 90/91,Olbia,32,1,2,sezione dedicata,,"1 tavola, 2 pagine",Aumento della superficie cartografata
90/91,Nuoro - Sassari 90/91,Porto Torres,34,1,2,sezione dedicata,,"1 tavola, 2 pagine",Aumento della superficie cartografata
90/91,Nuoro - Sassari 90/91,Tempio Pausania,36,1,1,sezione dedicata,,"1 tavola, 1 pagina",Nuovo comune cartografato
91/92,Cagliari - Oristano 91,Cagliari,28,8,8,sezione dedicata,,"8 tavole, 8 pagine",Aumento della superficie cartografata
91/92,Cagliari - Oristano 91,Carbonia,36,1,2,sezione dedicata,,"1 tavola, 2 pagine",
91/92,Cagliari - Oristano 91,Assemini,38,1,1,sezione dedicata,,"1 tavola, 1 pagina",Nuovo comune cartografato
91/92,Cagliari - Oristano 91,Elmas,39,1,1,sezione dedicata,,"1 tavola, 1 pagina",Nuovo comune cartografato
91/92,Cagliari - Oristano 91,Iglesias,40,1,2,sezione dedicata,,"1 tavola, 2 pagine",
91/92,Cagliari - Oristano 91,Quartu Sant'Elena,42,3,3,sezione dedicata,,"3 tavole, 3 pagine",Aumento della superficie cartografata
91/92,Cagliari - Oristano 91,Guspini,45,1,1,sezione dedicata,,"1 tavola, 1 pagina",
91/92,Cagliari - Oristano 91,Oristano,60,1,2,sezione dedicata,,"1 tavola, 2 pagine",
91/92,Nuoro - Sassari 91,Nuoro,14,1,2,sezione dedicata,,"1 tavola, 2 pagine",
91/92,Nuoro - Sassari 91,Sassari,32,4,4,sezione dedicata,,"4 tavole, 4 pagine",
91/92,Nuoro - Sassari 91,Zona industriale Predda Niedda,36,2,2,sezione dedicata,,"2 tavole, 2 pagine",
91/92,Nuoro - Sassari 91,Alghero,38,1,2,sezione dedicata,,"1 tavola, 2 pagine",
91/92,Nuoro - Sassari 91,Olbia,40,1,2,sezione dedicata,,"1 tavola, 2 pagine",
91/92,Nuoro - Sassari 91,Porto Torres,42,1,2,sezione dedicata,,"1 tavola, 2 pagine",
91/92,Nuoro - Sassari 91,Tempio Pausania,44,1,1,sezione dedicata,,"1 tavola, 1 pagina",
92/93,Cagliari - Oristano 92,Cagliari,24,8,8,sezione dedicata,,"8 tavole, 8 pagine",
92/93,Cagliari - Oristano 92,Carbonia,32,1,2,sezione dedicata,,"1 tavola, 2 pagine",
92/93,Cagliari - Oristano 92,Assemini,34,1,1,sezione dedicata,,"1 tavola, 1 pagina",
92/93,Cagliari - Oristano 92,Elmas,35,1,1,sezione dedicata,,"1 tavola, 1 pagina",
92/93,Cagliari - Oristano 92,Iglesias,36,1,2,sezione dedicata,,"1 tavola, 2 pagine",
92/93,Cagliari - Oristano 92,Guspini,38,1,2,sezione dedicata,,"1 tavola, 2 pagine",Aumento della superficie cartografata
92/93,Cagliari - Oristano 92,Quartu Sant'Elena,40,3,3,sezione dedicata,,"3 tavole, 3 pagine",
92/93,Cagliari - Oristano 92,Pula,43,1,1,sezione dedicata,,"1 tavola, 1 pagina",Nuovo comune cartografato
92/93,Cagliari - Oristano 92,Oristano,60,1,2,sezione dedicata,,"1 tavola, 2 pagine",
92/93,Nuoro - Sassari 92,Nuoro,14,1,2,sezione dedicata,,"1 tavola, 2 pagine",
92/93,Nuoro - Sassari 92,Macomer,16,1,1,sezione dedicata,,"1 tavola, 1 pagina",Nuovo comune cartografato
92/93,Nuoro - Sassari 92,Sassari,30,4,4,sezione dedicata,,"4 tavole, 4 pagine",
92/93,Nuoro - Sassari 92,Zona industriale Predda Niedda,34,2,2,sezione dedicata,,"2 tavole, 2 pagine",
92/93,Nuoro - Sassari 92,Alghero,36,1,2,sezione dedicata,,"1 tavola, 2 pagine",
92/93,Nuoro - Sassari 92,Olbia,38,1,2,sezione dedicata,,"1 tavola, 2 pagine",
92/93,Nuoro - Sassari 92,Porto Torres,40,1,2,sezione dedicata,,"1 tavola, 2 pagine",
92/93,Nuoro - Sassari 92,Tempio Pausania,42,1,1,sezione dedicata,,"1 tavola, 1 pagina",
93/94,Cagliari - Oristano 93,Cagliari,26,8,8,sezione dedicata,,"8 tavole, 8 pagine",
93/94,Cagliari - Oristano 93,Carbonia,34,1,2,sezione dedicata,,"1 tavola, 2 pagine",
93/94,Cagliari - Oristano 93,Assemini,36,1,1,sezione dedicata,,"1 tavola, 1 pagina",
93/94,Cagliari - Oristano 93,Elmas,37,1,1,sezione dedicata,,"1 tavola, 1 pagina",
93/94,Cagliari - Oristano 93,Iglesias,38,1,2,sezione dedicata,,"1 tavola, 2 pagine",
93/94,Cagliari - Oristano 93,Guspini,40,1,2,sezione dedicata,,"1 tavola, 2 pagine",
93/94,Cagliari - Oristano 93,Quartu Sant'Elena,42,3,3,sezione dedicata,,"3 tavole, 3 pagine",
93/94,Cagliari - Oristano 93,Pula,45,1,1,sezione dedicata,,"1 tavola, 1 pagina",
93/94,Cagliari - Oristano 93,Oristano,60,1,2,sezione dedicata,,"1 tavola, 2 pagine",
93/94,Nuoro - Sassari 93,Nuoro,12,1,2,sezione dedicata,,"1 tavola, 2 pagine",
93/94,Nuoro - Sassari 93,Macomer,14,1,1,sezione dedicata,,"1 tavola, 1 pagina",Nuovo comune cartografato
93/94,Nuoro - Sassari 93,Sassari,32,4,4,sezione dedicata,,"4 tavole, 4 pagine",
93/94,Nuoro - Sassari 93,Zona industriale Predda Niedda,36,2,2,sezione dedicata,,"2 tavole, 2 pagine",
93/94,Nuoro - Sassari 93,Alghero,38,1,2,sezione dedicata,,"1 tavola, 2 pagine",
93/94,Nuoro - Sassari 93,Olbia,40,1,2,sezione dedicata,,"1 tavola, 2 pagine",Nuova cartografia rinnovata
93/94,Nuoro - Sassari 93,Porto Torres,42,1,2,sezione dedicata,,"1 tavola, 2 pagine",
93/94,Nuoro - Sassari 93,Tempio Pausania,44,1,1,sezione dedicata,,"1 tavola, 1 pagina",
94/95,Cagliari - Oristano 94,Cagliari,24,8,8,sezione dedicata,,"8 tavole, 8 pagine",
94/95,Cagliari - Oristano 94,Carbonia,32,1,2,sezione dedicata,,"1 tavola, 2 pagine",
94/95,Cagliari - Oristano 94,Assemini,34,1,1,sezione dedicata,,"1 tavola, 1 pagina",
94/95,Cagliari - Oristano 94,Elmas,35,1,1,sezione dedicata,,"1 tavola, 1 pagina",
94/95,Cagliari - Oristano 94,Iglesias,36,1,2,sezione dedicata,,"1 tavola, 2 pagine",
94/95,Cagliari - Oristano 94,Guspini,37,1,2,sezione dedicata,,"1 tavola, 2 pagine",
94/95,Cagliari - Oristano 94,Quartu Sant'Elena,40,3,3,sezione dedicata,,"3 tavole, 3 pagine",
94/95,Cagliari - Oristano 94,Pula,43,1,1,sezione dedicata,,"1 tavola, 1 pagina",
94/95,Cagliari - Oristano 94,Oristano,58,1,2,sezione dedicata,,"1 tavola, 2 pagine",
94/95,Nuoro - Sassari 94,Nuoro,12,1,2,sezione dedicata,,"1 tavola, 2 pagine",
94/95,Nuoro - Sassari 94,Macomer,14,1,1,sezione dedicata,,"1 tavola, 1 pagina",
94/95,Nuoro - Sassari 94,Sassari,28,4,4,sezione dedicata,,"4 tavole, 4 pagine",
94/95,Nuoro - Sassari 94,Zona industriale Predda Niedda,32,2,2,sezione dedicata,,"2 tavole, 2 pagine",
94/95,Nuoro - Sassari 94,Alghero,34,1,2,sezione dedicata,,"1 tavola, 2 pagine",Aumento della superficie cartografata
94/95,Nuoro - Sassari 94,Olbia,36,1,2,sezione dedicata,,"1 tavola, 2 pagine",
94/95,Nuoro - Sassari 94,Porto Torres,38,1,2,sezione dedicata,,"1 tavola, 2 pagine",
94/95,Nuoro - Sassari 94,Tempio Pausania,40,1,1,sezione dedicata,,"1 tavola, 1 pagina",
95/96,Cagliari - Oristano 95,Cagliari,28,7,7,sezione dedicata,,"7 tavole, 7 pagine",Monserrato diventa comune autonomo
95/96,Cagliari - Oristano 95,Assemini,35,1,1,sezione dedicata,,"1 tavola, 1 pagina",
95/96,Cagliari - Oristano 95,Carbonia,36,1,2,sezione dedicata,,"1 tavola, 2 pagine",
95/96,Cagliari - Oristano 95,Elmas,38,1,1,sezione dedicata,,"1 tavola, 1 pagina",
95/96,Cagliari - Oristano 95,Iglesias,40,1,2,sezione dedicata,,"1 tavola, 2 pagine",
95/96,Cagliari - Oristano 95,Guspini,42,1,2,sezione dedicata,,"1 tavola, 2 pagine",
95/96,Cagliari - Oristano 95,Monserrato,44,1,1,sezione dedicata,,"1 tavola, 1 pagina",Precedentemente incluso in Cagliari
95/96,Cagliari - Oristano 95,Pula,45,1,1,sezione dedicata,,"1 tavola, 1 pagina",
95/96,Cagliari - Oristano 95,Quartu Sant'Elena,46,3,3,sezione dedicata,,"3 tavole, 3 pagine",
95/96,Cagliari - Oristano 95,Oristano,60,1,2,sezione dedicata,,"1 tavola, 2 pagine",
95/96,Nuoro - Sassari 95,Nuoro,12,1,2,sezione dedicata,,"1 tavola, 2 pagine",
95/96,Nuoro - Sassari 95,Macomer,14,1,1,sezione dedicata,,"1 tavola, 1 pagina",
95/96,Nuoro - Sassari 95,Sassari,28,4,4,sezione dedicata,,"4 tavole, 4 pagine",
95/96,Nuoro - Sassari 95,Zona industriale Predda Niedda,32,2,2,sezione dedicata,,"2 tavole, 2 pagine",Nuova cartografia rinnovata
95/96,Nuoro - Sassari 95,Alghero,34,1,2,sezione dedicata,,"1 tavola, 2 pagine",
95/96,Nuoro - Sassari 95,Olbia,36,1,2,sezione dedicata,,"1 tavola, 2 pagine",
95/96,Nuoro - Sassari 95,Porto Torres,38,1,2,sezione dedicata,,"1 tavola, 2 pagine",
95/96,Nuoro - Sassari 95,La Maddalena,40,1,1,sezione dedicata,,"1 tavola, 1 pagina",Nuovo comune cartografato
95/96,Nuoro - Sassari 95,Tempio Pausania,41,1,1,sezione dedicata,,"1 tavola, 1 pagina",
96/97,Cagliari - Oristano 96,Cagliari,26,7,7,sezione dedicata,,"7 tavole, 7 pagine",
96/97,Cagliari - Oristano 96,Assemini,33,1,1,sezione dedicata,,"1 tavola, 1 pagina",
96/97,Cagliari - Oristano 96,Carbonia,34,1,2,sezione dedicata,,"1 tavola, 2 pagine",
96/97,Cagliari - Oristano 96,Elmas,36,1,1,sezione dedicata,,"1 tavola, 1 pagina",
96/97,Cagliari - Oristano 96,Iglesias,38,1,2,sezione dedicata,,"1 tavola, 2 pagine",
96/97,Cagliari - Oristano 96,Guspini,40,1,2,sezione dedicata,,"1 tavola, 2 pagine",
96/97,Cagliari - Oristano 96,Monserrato,42,1,1,sezione dedicata,,"1 tavola, 1 pagina",
96/97,Cagliari - Oristano 96,Pula,43,1,1,sezione dedicata,,"1 tavola, 1 pagina",
96/97,Cagliari - Oristano 96,Quartu Sant'Elena,44,3,3,sezione dedicata,,"3 tavole, 3 pagine",
96/97,Cagliari - Oristano 96,Oristano,60,1,2,sezione dedicata,,"1 tavola, 2 pagine",
96/97,Nuoro - Sassari 96,Nuoro,14,1,2,sezione dedicata,,"1 tavola, 2 pagine",
96/97,Nuoro - Sassari 96,Macomer,16,1,1,sezione dedicata,,"1 tavola, 1 pagina",
96/97,Nuoro - Sassari 96,Sassari,30,4,4,sezione dedicata,,"4 tavole, 4 pagine",
96/97,Nuoro - Sassari 96,Zona industriale Predda Niedda,34,1,1,sezione dedicata,,"1 tavola, 1 pagina",Aggiornamenti nella cartografia
96/97,Nuoro - Sassari 96,La Maddalena,35,1,1,sezione dedicata,,"1 tavola, 1 pagina",
96/97,Nuoro - Sassari 96,Alghero,36,1,2,sezione dedicata,,"1 tavola, 2 pagine",
96/97,Nuoro - Sassari 96,Olbia,38,1,2,sezione dedicata,,"1 tavola, 2 pagine",
96/97,Nuoro - Sassari 96,Porto Torres,40,1,2,sezione dedicata,,"1 tavola, 2 pagine",
96/97,Nuoro - Sassari 96,Tempio Pausania,42,1,1,sezione dedicata,,"1 tavola, 1 pagina",
97/98,Cagliari - Oristano 97,Cagliari,18,7,7,sezione dedicata,,"7 tavole, 7 pagine",Leggera revisione e uniformità grafica
97/98,Cagliari - Oristano 97,Assemini,25,1,1,sezione dedicata,,"1 tavola, 1 pagina",Leggera revisione e uniformità grafica
97/98,Cagliari - Oristano 97,Carbonia,26,2,2,sezione dedicata,,"2 tavole, 2 pagine",Leggera revisione e uniformità grafica
97/98,Cagliari - Oristano 97,Elmas,28,1,1,sezione dedicata,,"1 tavola, 1 pagina",Leggera revisione e uniformità grafica
97/98,Cagliari - Oristano 97,Iglesias,30,2,2,sezione dedicata,,"2 tavole, 2 pagine",Leggera revisione e uniformità grafica
97/98,Cagliari - Oristano 97,Guspini,32,2,2,sezione dedicata,,"2 tavole, 2 pagine",Leggera revisione e uniformità grafica
97/98,Cagliari - Oristano 97,Monserrato,34,1,1,sezione dedicata,,"1 tavola, 1 pagina",Leggera revisione e uniformità grafica
97/98,Cagliari - Oristano 97,Pula,35,1,1,sezione dedicata,,"1 tavola, 1 pagina",Leggera revisione e uniformità grafica
97/98,Cagliari - Oristano 97,Quartu Sant'Elena,36,3,3,sezione dedicata,,"3 tavole, 3 pagine",Leggera revisione e uniformità grafica
97/98,Cagliari - Oristano 97,Oristano,52,2,2,sezione dedicata,,"2 tavole, 2 pagine",
97/98,Nuoro - Sassari 97,Nuoro,12,2,2,sezione dedicata,,"2 tavole, 2 pagine",Leggera revisione e uniformità grafica
97/98,Nuoro - Sassari 97,Macomer,14,1,1,sezione dedicata,,"1 tavola, 1 pagina",Leggera revisione e uniformità grafica
97/98,Nuoro - Sassari 97,Sassari,24,4,4,sezione dedicata,,"4 tavole, 4 pagine",Leggera revisione e uniformità grafica
97/98,Nuoro - Sassari 97,Zona industriale Predda Niedda,28,1,1,sezione dedicata,,"1 tavola, 1 pagina",
97/98,Nuoro - Sassari 97,La Maddalena,29,1,1,sezione dedicata,,"1 tavola, 1 pagina",Leggera revisione e uniformità grafica
97/98,Nuoro - Sassari 97,Alghero,30,2,2,sezione dedicata,,"2 tavole, 2 pagine",Leggera revisione e uniformità grafica
97/98,Nuoro - Sassari 97,Olbia,32,2,2,sezione dedicata,,"2 tavole, 2 pagine",Leggera revisione e uniformità grafica
97/98,Nuoro - Sassari 97,Porto Torres,34,2,2,sezione dedicata,,"2 tavole, 2 pagine",Leggera revisione e uniformità grafica
97/98,Nuoro - Sassari 97,Tempio Pausania,36,1,1,sezione dedicata,,"1 tavola, 1 pagina",Leggera revisione e uniformità grafica
98/99,Cagliari 98,Cagliari,8,7,7,sezione dedicata,,"7 tavole, 7 pagine",
98/99,Cagliari 98,Assemini,15,1,1,sezione dedicata,,"1 tavola, 1 pagina",
98/99,Cagliari 98,Carbonia,16,2,2,sezione dedicata,,"2 tavole, 2 pagine",
98/99,Cagliari 98,Elmas,18,1,1,sezione dedicata,,"1 tavola, 1 pagina",
98/99,Cagliari 98,Iglesias,20,2,2,sezione dedicata,,"2 tavole, 2 pagine",
98/99,Cagliari 98,Guspini,22,2,2,sezione dedicata,,"2 tavole, 2 pagine",
98/99,Cagliari 98,Monserrato,24,1,1,sezione dedicata,,"1 tavola, 1 pagina",
98/99,Cagliari 98,Pula,25,1,1,sezione dedicata,,"1 tavola, 1 pagina",
98/99,Cagliari 98,Quartu Sant'Elena,26,3,3,sezione dedicata,,"3 tavole, 3 pagine",
99/00,Cagliari 1999/2000,Cagliari,9,6,6,sezione dedicata,,"6 tavole, 6 pagine",Scorporo di una tavola e incorporazione in Selargius
99/00,Cagliari 1999/2000,Assemini,15,1,1,sezione dedicata,,"1 tavola, 1 pagina",
99/00,Cagliari 1999/2000,Carbonia,16,2,2,sezione dedicata,,"2 tavole, 2 pagine",
99/00,Cagliari 1999/2000,Capoterra,18,1,1,sezione dedicata,,"1 tavola, 1 pagina",Nuovo comune cartografato
99/00,Cagliari 1999/2000,Elmas,19,1,1,sezione dedicata,,"1 tavola, 1 pagina",
99/00,Cagliari 1999/2000,Iglesias,20,2,2,sezione dedicata,,"2 tavole, 2 pagine",
99/00,Cagliari 1999/2000,Monserrato,22,1,1,sezione dedicata,,"1 tavola, 1 pagina",
99/00,Cagliari 1999/2000,Pula,23,1,1,sezione dedicata,,"1 tavola, 1 pagina",
99/00,Cagliari 1999/2000,Quartu Sant'Elena,24,3,3,sezione dedicata,,"3 tavole, 3 pagine",
99/00,Cagliari 1999/2000,Selargius,27,3,3,sezione dedicata,,"3 tavole, 3 pagine",Nuovo comune cartografato
99/00,Cagliari 1999/2000,Sanluri,30,2,2,sezione dedicata,,"2 tavole, 2 pagine",Nuovo comune cartografato
99/00,Cagliari 1999/2000,Sestu,32,2,2,sezione dedicata,,"2 tavole, 2 pagine",Nuovo comune cartografato
00/01,Cagliari 2000/2001,Cagliari,9,6,6,sezione dedicata,,"6 tavole, 6 pagine",
00/01,Cagliari 2000/2001,Assemini,16,1,1,sezione dedicata,,"1 tavola, 1 pagina",
00/01,Cagliari 2000/2001,Capoterra,17,1,1,sezione dedicata,,"1 tavola, 1 pagina",
00/01,Cagliari 2000/2001,Carbonia,18,2,2,sezione dedicata,,"2 tavole, 2 pagine",
00/01,Cagliari 2000/2001,Elmas,20,2,2,sezione dedicata,,"2 tavole, 2 pagine",
00/01,Cagliari 2000/2001,Iglesias,22,2,2,sezione dedicata,,"2 tavole, 2 pagine",
00/01,Cagliari 2000/2001,Monserrato,24,1,1,sezione dedicata,,"1 tavola, 1 pagina",
00/01,Cagliari 2000/2001,Muravera,25,1,1,sezione dedicata,,"1 tavola, 1 pagina",Nuovo comune cartografato
00/01,Cagliari 2000/2001,Pula,27,1,1,sezione dedicata,,"1 tavola, 1 pagina",
00/01,Cagliari 2000/2001,Quartu Sant'Elena,28,3,3,sezione dedicata,,"3 tavole, 3 pagine",
00/01,Cagliari 2000/2001,Sarroch,31,1,1,sezione dedicata,,"1 tavola, 1 pagina",Nuovo comune cartografato
00/01,Cagliari 2000/2001,Sanluri,32,2,2,sezione dedicata,,"2 tavole, 2 pagine",
00/01,Cagliari 2000/2001,San Sperate,34,2,2,sezione dedicata,,"2 tavole, 2 pagine",Nuovo comune cartografato
00/01,Cagliari 2000/2001,Selargius,37,3,3,sezione dedicata,,"3 tavole, 3 pagine",
00/01,Cagliari 2000/2001,Senorbì,40,2,2,sezione dedicata,,"2 tavole, 2 pagine",Nuovo comune cartografato
00/01,Cagliari 2000/2001,Sestu,42,2,2,sezione dedicata,,"2 tavole, 2 pagine",
01/02,Cagliari 2001/2002,Cagliari,7,6,6,sezione dedicata,,"6 tavole, 6 pagine",
01/02,Cagliari 2001/2002,Assemini,14,1,1,sezione dedicata,,"1 tavola, 1 pagina",
01/02,Cagliari 2001/2002,Capoterra,15,1,1,sezione dedicata,,"1 tavola, 1 pagina",
01/02,Cagliari 2001/2002,Carbonia,16,2,2,sezione dedicata,,"2 tavole, 2 pagine",
01/02,Cagliari 2001/2002,Elmas,18,2,2,sezione dedicata,,"2 tavole, 2 pagine",
01/02,Cagliari 2001/2002,Iglesias,20,2,2,sezione dedicata,,"2 tavole, 2 pagine",
01/02,Cagliari 2001/2002,Monserrato,22,1,1,sezione dedicata,,"1 tavola, 1 pagina",
01/02,Cagliari 2001/2002,Muravera,23,1,1,sezione dedicata,,"1 tavola, 1 pagina",
01/02,Cagliari 2001/2002,Quartu Sant'Elena,24,3,3,sezione dedicata,,"3 tavole, 3 pagine",
01/02,Cagliari 2001/2002,Pula,27,1,1,sezione dedicata,,"1 tavola, 1 pagina",
01/02,Cagliari 2001/2002,Sanluri,28,2,2,sezione dedicata,,"2 tavole, 2 pagine",
01/02,Cagliari 2001/2002,San Sperate,30,2,2,sezione dedicata,,"2 tavole, 2 pagine",
01/02,Cagliari 2001/2002,Sarroch,32,1,1,sezione dedicata,,"1 tavola, 1 pagina",
01/02,Cagliari 2001/2002,Selargius,33,3,3,sezione dedicata,,"3 tavole, 3 pagine",
01/02,Cagliari 2001/2002,Senorbì,36,2,2,sezione dedicata,,"2 tavole, 2 pagine",
01/02,Cagliari 2001/2002,Sestu,38,2,2,sezione dedicata,,"2 tavole, 2 pagine",
01/02,Cagliari 2001/2002,Villacidro,40,2,2,sezione dedicata,,"2 tavole, 2 pagine",Nuovo comune cartografato
02/03,Cagliari 2002/2003,Cagliari,9,6,6,sezione dedicata,,"6 tavole, 6 pagine",
02/03,Cagliari 2002/2003,Assemini,16,1,1,sezione dedicata,,"1 tavola, 1 pagina",
02/03,Cagliari 2002/2003,Capoterra,17,1,1,sezione dedicata,,"1 tavola, 1 pagina",
02/03,Cagliari 2002/2003,Carbonia,18,2,2,sezione dedicata,,"2 tavole, 2 pagine",
02/03,Cagliari 2002/2003,Elmas,20,2,2,sezione dedicata,,"2 tavole, 2 pagine",
02/03,Cagliari 2002/2003,Iglesias,22,2,2,sezione dedicata,,"2 tavole, 2 pagine",
02/03,Cagliari 2002/2003,Monserrato,24,1,1,sezione dedicata,,"1 tavola, 1 pagina",
02/03,Cagliari 2002/2003,Muravera,25,1,1,sezione dedicata,,"1 tavola, 1 pagina",
02/03,Cagliari 2002/2003,Quartu Sant'Elena,26,3,3,sezione dedicata,,"3 tavole, 3 pagine",
02/03,Cagliari 2002/2003,Pula,31,1,1,sezione dedicata,,"1 tavola, 1 pagina",
02/03,Cagliari 2002/2003,Sanluri,32,2,2,sezione dedicata,,"2 tavole, 2 pagine",
02/03,Cagliari 2002/2003,San Sperate,34,2,2,sezione dedicata,,"2 tavole, 2 pagine",
02/03,Cagliari 2002/2003,Sarroch,36,1,1,sezione dedicata,,"1 tavola, 1 pagina",
02/03,Cagliari 2002/2003,Selargius,37,3,3,sezione dedicata,,"3 tavole, 3 pagine",
02/03,Cagliari 2002/2003,Senorbì,40,2,2,sezione dedicata,,"2 tavole, 2 pagine",
02/03,Cagliari 2002/2003,Sestu,42,2,2,sezione dedicata,,"2 tavole, 2 pagine",
02/03,Cagliari 2002/2003,Villacidro,44,2,2,sezione dedicata,,"2 tavole, 2 pagine",
03/04,Cagliari 2003/2004,Cagliari,9,6,6,sezione dedicata,,"6 tavole, 6 pagine",
03/04,Cagliari 2003/2004,Assemini,16,1,1,sezione dedicata,,"1 tavola, 1 pagina",
03/04,Cagliari 2003/2004,Capoterra,17,1,1,sezione dedicata,,"1 tavola, 1 pagina",
03/04,Cagliari 2003/2004,Carbonia,18,2,2,sezione dedicata,,"2 tavole, 2 pagine",
03/04,Cagliari 2003/2004,Elmas,20,2,2,sezione dedicata,,"2 tavole, 2 pagine",
03/04,Cagliari 2003/2004,Iglesias,22,2,2,sezione dedicata,,"2 tavole, 2 pagine",
03/04,Cagliari 2003/2004,Monserrato,24,1,1,sezione dedicata,,"1 tavola, 1 pagina",
03/04,Cagliari 2003/2004,Muravera,25,1,1,sezione dedicata,,"1 tavola, 1 pagina",
03/04,Cagliari 2003/2004,Quartu Sant'Elena,26,3,3,sezione dedicata,,"3 tavole, 3 pagine",
03/04,Cagliari 2003/2004,Pula,31,1,1,sezione dedicata,,"1 tavola, 1 pagina",
03/04,Cagliari 2003/2004,Sanluri,32,2,2,sezione dedicata,,"2 tavole, 2 pagine",
03/04,Cagliari 2003/2004,San Sperate,34,2,2,sezione dedicata,,"2 tavole, 2 pagine",
03/04,Cagliari 2003/2004,Sarroch,36,1,1,sezione dedicata,,"1 tavola, 1 pagina",
03/04,Cagliari 2003/2004,Selargius,37,3,3,sezione dedicata,,"3 tavole, 3 pagine",
03/04,Cagliari 2003/2004,Senorbì,40,2,2,sezione dedicata,,"2 tavole, 2 pagine",
03/04,Cagliari 2003/2004,Sestu,42,2,2,sezione dedicata,,"2 tavole, 2 pagine",
03/04,Cagliari 2003/2004,Villacidro,44,2,2,sezione dedicata,,"2 tavole, 2 pagine",
04/05,Cagliari 2004,Cagliari,7,6,6,sezione dedicata,,"6 tavole, 6 pagine",
04/05,Cagliari 2004,Assemini,14,1,1,sezione dedicata,,"1 tavola, 1 pagina",
04/05,Cagliari 2004,Capoterra,15,1,1,sezione dedicata,,"1 tavola, 1 pagina",
04/05,Cagliari 2004,Carbonia,16,2,2,sezione dedicata,,"2 tavole, 2 pagine",
04/05,Cagliari 2004,Elmas,18,2,2,sezione dedicata,,"2 tavole, 2 pagine",
04/05,Cagliari 2004,Iglesias,20,2,2,sezione dedicata,,"2 tavole, 2 pagine",
04/05,Cagliari 2004,Monserrato,22,1,1,sezione dedicata,,"1 tavola, 1 pagina",
04/05,Cagliari 2004,Muravera,23,1,1,sezione dedicata,,"1 tavola, 1 pagina",
04/05,Cagliari 2004,Quartu Sant'Elena,24,3,3,sezione dedicata,,"3 tavole, 3 pagine",
04/05,Cagliari 2004,Pula,29,1,1,sezione dedicata,,"1 tavola, 1 pagina",
04/05,Cagliari 2004,Sanluri,30,2,2,sezione dedicata,,"2 tavole, 2 pagine",
04/05,Cagliari 2004,San Sperate,32,2,2,sezione dedicata,,"2 tavole, 2 pagine",
04/05,Cagliari 2004,Sarroch,34,1,1,sezione dedicata,,"1 tavola, 1 pagina",
04/05,Cagliari 2004,Selargius,37,3,3,sezione dedicata,,"3 tavole, 3 pagine",
04/05,Cagliari 2004,Senorbì,40,2,2,sezione dedicata,,"2 tavole, 2 pagine",
04/05,Cagliari 2004,Sestu,42,2,2,sezione dedicata,,"2 tavole, 2 pagine",
04/05,Cagliari 2004,Villacidro,44,2,2,sezione dedicata,,"2 tavole, 2 pagine",
05/06,Cagliari 2005,Cagliari,6,7,7,sezione dedicata,,"7 tavole, 7 pagine","Reincorporo tavola sottratta da Selargius, ora presente anche in Cagliari"
05/06,Cagliari 2005,Assemini,14,1,1,sezione dedicata,,"1 tavola, 1 pagina",
05/06,Cagliari 2005,Capoterra,15,1,1,sezione dedicata,,"1 tavola, 1 pagina",
05/06,Cagliari 2005,Carbonia,16,2,2,sezione dedicata,,"2 tavole, 2 pagine",
05/06,Cagliari 2005,Elmas,18,2,2,sezione dedicata,,"2 tavole, 2 pagine",
05/06,Cagliari 2005,Iglesias,20,2,2,sezione dedicata,,"2 tavole, 2 pagine",
05/06,Cagliari 2005,Monserrato,22,1,1,sezione dedicata,,"1 tavola, 1 pagina",
05/06,Cagliari 2005,Muravera,23,1,1,sezione dedicata,,"1 tavola, 1 pagina",
05/06,Cagliari 2005,Quartu Sant'Elena,24,3,3,sezione dedicata,,"3 tavole, 3 pagine",
05/06,Cagliari 2005,Pula,29,1,1,sezione dedicata,,"1 tavola, 1 pagina",
05/06,Cagliari 2005,Sanluri,30,2,2,sezione dedicata,,"2 tavole, 2 pagine",
05/06,Cagliari 2005,San Sperate,32,2,2,sezione dedicata,,"2 tavole, 2 pagine",
05/06,Cagliari 2005,Sarroch,34,1,1,sezione dedicata,,"1 tavola, 1 pagina",
05/06,Cagliari 2005,Selargius,37,3,3,sezione dedicata,,"3 tavole, 3 pagine",
05/06,Cagliari 2005,Senorbì,40,2,2,sezione dedicata,,"2 tavole, 2 pagine",
05/06,Cagliari 2005,Sestu,42,2,2,sezione dedicata,,"2 tavole, 2 pagine",
05/06,Cagliari 2005,Villacidro,44,2,2,sezione dedicata,,"2 tavole, 2 pagine",
06/07,Cagliari 2006,Cagliari,8,7,7,sezione dedicata,,"7 tavole, 7 pagine",
06/07,Cagliari 2006,Assemini,16,1,1,sezione dedicata,,"1 tavola, 1 pagina",
06/07,Cagliari 2006,Capoterra,17,1,1,sezione dedicata,,"1 tavola, 1 pagina",
06/07,Cagliari 2006,Carbonia,18,2,2,sezione dedicata,,"2 tavole, 2 pagine",
06/07,Cagliari 2006,Elmas,20,2,2,sezione dedicata,,"2 tavole, 2 pagine",
06/07,Cagliari 2006,Iglesias,22,2,2,sezione dedicata,,"2 tavole, 2 pagine",
06/07,Cagliari 2006,Monserrato,24,1,1,sezione dedicata,,"1 tavola, 1 pagina",
06/07,Cagliari 2006,Muravera,25,1,1,sezione dedicata,,"1 tavola, 1 pagina",
06/07,Cagliari 2006,Pula,27,1,1,sezione dedicata,,"1 tavola, 1 pagina",
06/07,Cagliari 2006,Quartu Sant'Elena,28,3,3,sezione dedicata,,"3 tavole, 3 pagine",
06/07,Cagliari 2006,Sanluri,32,2,2,sezione dedicata,,"2 tavole, 2 pagine",
06/07,Cagliari 2006,San Sperate,34,2,2,sezione dedicata,,"2 tavole, 2 pagine",
06/07,Cagliari 2006,Sant'Antioco,36,1,1,sezione dedicata,,"1 tavola, 1 pagina",Nuovo comune cartografato
06/07,Cagliari 2006,Sarroch,37,1,1,sezione dedicata,,"1 tavola, 1 pagina",
06/07,Cagliari 2006,Selargius,39,3,3,sezione dedicata,,"3 tavole, 3 pagine",
06/07,Cagliari 2006,Senorbì,42,2,2,sezione dedicata,,"2 tavole, 2 pagine",
06/07,Cagliari 2006,Sestu,44,2,2,sezione dedicata,,"2 tavole, 2 pagine",
06/07,Cagliari 2006,Villacidro,46,2,2,sezione dedicata,,"2 tavole, 2 pagine",
07/08,Cagliari 2007,Cagliari,14,7,7,sezione dedicata,,"7 tavole, 7 pagine",
07/08,Cagliari 2007,Assemini,22,1,1,sezione dedicata,,"1 tavola, 1 pagina",
07/08,Cagliari 2007,Capoterra,23,1,1,sezione dedicata,,"1 tavola, 1 pagina",
07/08,Cagliari 2007,Carbonia,24,2,2,sezione dedicata,,"2 tavole, 2 pagine",
07/08,Cagliari 2007,Elmas,26,2,2,sezione dedicata,,"2 tavole, 2 pagine",
07/08,Cagliari 2007,Iglesias,28,2,2,sezione dedicata,,"2 tavole, 2 pagine",
07/08,Cagliari 2007,Monserrato,30,1,1,sezione dedicata,,"1 tavola, 1 pagina",
07/08,Cagliari 2007,Muravera,31,1,1,sezione dedicata,,"1 tavola, 1 pagina",
07/08,Cagliari 2007,Pula,33,1,1,sezione dedicata,,"1 tavola, 1 pagina",
07/08,Cagliari 2007,Quartu Sant'Elena,34,3,3,sezione dedicata,,"3 tavole, 3 pagine",
07/08,Cagliari 2007,Sanluri,38,2,2,sezione dedicata,,"2 tavole, 2 pagine",
07/08,Cagliari 2007,San Sperate,40,2,2,sezione dedicata,,"2 tavole, 2 pagine",
07/08,Cagliari 2007,Sant'Antioco,42,1,1,sezione dedicata,,"1 tavola, 1 pagina",
07/08,Cagliari 2007,Sarroch,43,1,1,sezione dedicata,,"1 tavola, 1 pagina",
07/08,Cagliari 2007,Selargius,45,3,3,sezione dedicata,,"3 tavole, 3 pagine",
07/08,Cagliari 2007,Senorbì,48,2,2,sezione dedicata,,"2 tavole, 2 pagine",
07/08,Cagliari 2007,Sestu,50,2,2,sezione dedicata,,"2 tavole, 2 pagine",
07/08,Cagliari 2007,Villacidro,52,2,2,sezione dedicata,,"2 tavole, 2 pagine",
08/09,Cagliari 2008/2009,Cagliari,8,7,7,sezione dedicata,,"7 tavole, 7 pagine",
08/09,Cagliari 2008/2009,Assemini,16,1,1,sezione dedicata,,"1 tavola, 1 pagina",
08/09,Cagliari 2008/2009,Capoterra,17,1,1,sezione dedicata,,"1 tavola, 1 pagina",
08/09,Cagliari 2008/2009,Carbonia,18,2,2,sezione dedicata,,"2 tavole, 2 pagine",
08/09,Cagliari 2008/2009,Elmas,20,2,2,sezione dedicata,,"2 tavole, 2 pagine",
08/09,Cagliari 2008/2009,Iglesias,22,2,2,sezione dedicata,,"2 tavole, 2 pagine",
08/09,Cagliari 2008/2009,Monserrato,24,1,1,sezione dedicata,,"1 tavola, 1 pagina",
08/09,Cagliari 2008/2009,Muravera,25,1,1,sezione dedicata,,"1 tavola, 1 pagina",
08/09,Cagliari 2008/2009,Pula,27,1,1,sezione dedicata,,"1 tavola, 1 pagina",
08/09,Cagliari 2008/2009,Quartu Sant'Elena,28,3,3,sezione dedicata,,"3 tavole, 3 pagine",
08/09,Cagliari 2008/2009,Sarroch,31,1,1,sezione dedicata,,"1 tavola, 1 pagina",
08/09,Cagliari 2008/2009,Sanluri,32,2,2,sezione dedicata,,"2 tavole, 2 pagine",
08/09,Cagliari 2008/2009,San Sperate,34,2,2,sezione dedicata,,"2 tavole, 2 pagine",
08/09,Cagliari 2008/2009,Sant'Antioco,36,1,1,sezione dedicata,,"1 tavola, 1 pagina",
08/09,Cagliari 2008/2009,Selargius,37,3,3,sezione dedicata,,"3 tavole, 3 pagine",
08/09,Cagliari 2008/2009,Senorbì,40,2,2,sezione dedicata,,"2 tavole, 2 pagine",
08/09,Cagliari 2008/2009,Sestu,42,2,2,sezione dedicata,,"2 tavole, 2 pagine",
08/09,Cagliari 2008/2009,Villacidro,44,2,2,sezione dedicata,,"2 tavole, 2 pagine",
09/10,Cagliari - Carbonia Iglesias - Medio Campidano 2009/2010,Cagliari,4,7,7,sezione dedicata,,"7 tavole, 7 pagine",
09/10,Cagliari - Carbonia Iglesias - Medio Campidano 2009/2010,Assemini,12,1,1,sezione dedicata,,"1 tavola, 1 pagina",
09/10,Cagliari - Carbonia Iglesias - Medio Campidano 2009/2010,Capoterra,13,1,1,sezione dedicata,,"1 tavola, 1 pagina",
09/10,Cagliari - Carbonia Iglesias - Medio Campidano 2009/2010,Carbonia,14,2,2,sezione dedicata,,"2 tavole, 2 pagine",
09/10,Cagliari - Carbonia Iglesias - Medio Campidano 2009/2010,Elmas,16,2,2,sezione dedicata,,"2 tavole, 2 pagine",
09/10,Cagliari - Carbonia Iglesias - Medio Campidano 2009/2010,Iglesias,18,2,2,sezione dedicata,,"2 tavole, 2 pagine",
09/10,Cagliari - Carbonia Iglesias - Medio Campidano 2009/2010,Monserrato,20,1,1,sezione dedicata,,"1 tavola, 1 pagina",
09/10,Cagliari - Carbonia Iglesias - Medio Campidano 2009/2010,Muravera,21,1,1,sezione dedicata,,"1 tavola, 1 pagina",
09/10,Cagliari - Carbonia Iglesias - Medio Campidano 2009/2010,Pula,23,1,1,sezione dedicata,,"1 tavola, 1 pagina",
09/10,Cagliari - Carbonia Iglesias - Medio Campidano 2009/2010,Quartu Sant'Elena,24,3,3,sezione dedicata,,"3 tavole, 3 pagine",
09/10,Cagliari - Carbonia Iglesias - Medio Campidano 2009/2010,Sarroch,27,1,1,sezione dedicata,,"1 tavola, 1 pagina",
09/10,Cagliari - Carbonia Iglesias - Medio Campidano 2009/2010,Sanluri,28,2,2,sezione dedicata,,"2 tavole, 2 pagine",
09/10,Cagliari - Carbonia Iglesias - Medio Campidano 2009/2010,San Sperate,30,2,2,sezione dedicata,,"2 tavole, 2 pagine",
09/10,Cagliari - Carbonia Iglesias - Medio Campidano 2009/2010,Sant'Antioco,32,1,1,sezione dedicata,,"1 tavola, 1 pagina",
09/10,Cagliari - Carbonia Iglesias - Medio Campidano 2009/2010,Selargius,33,3,3,sezione dedicata,,"3 tavole, 3 pagine",
09/10,Cagliari - Carbonia Iglesias - Medio Campidano 2009/2010,Senorbì,36,2,2,sezione dedicata,,"2 tavole, 2 pagine",
09/10,Cagliari - Carbonia Iglesias - Medio Campidano 2009/2010,Sestu,38,2,2,sezione dedicata,,"2 tavole, 2 pagine",
09/10,Cagliari - Carbonia Iglesias - Medio Campidano 2009/2010,Villacidro,40,2,2,sezione dedicata,,"2 tavole, 2 pagine",
10/11,Cagliari - Carbonia Iglesias - Medio Campidano 2010/2011,Cagliari,11,14,14,sezione dedicata,,"14 tavole, 14 pagine",Nuova cartografia rinnovata
10/11,Cagliari - Carbonia Iglesias - Medio Campidano 2010/2011,Carbonia,26,2,2,sezione dedicata,,"2 tavole, 2 pagine",Nuova cartografia rinnovata
10/11,Cagliari - Carbonia Iglesias - Medio Campidano 2010/2011,Iglesias,28,3,3,sezione dedicata,,"3 tavole, 3 pagine",Nuova cartografia rinnovata
10/11,Cagliari - Carbonia Iglesias - Medio Campidano 2010/2011,Sanluri,32,2,2,sezione dedicata,,"2 tavole, 2 pagine",Nuova cartografia rinnovata
10/11,Cagliari - Carbonia Iglesias - Medio Campidano 2010/2011,Villacidro,34,2,2,sezione dedicata,,"2 tavole, 2 pagine",Nuova cartografia rinnovata
10/11,Cagliari - Carbonia Iglesias - Medio Campidano 2010/2011,Selargius,36,4,4,sezione dedicata,,"4 tavole, 4 pagine",Nuova cartografia rinnovata
11/12,Cagliari - Carbonia Iglesias - Medio Campidano 2011/2012,Cagliari,11,14,14,sezione dedicata,,"14 tavole, 14 pagine",
11/12,Cagliari - Carbonia Iglesias - Medio Campidano 2011/2012,Elmas,27,1,1,sezione dedicata,,"1 tavola, 1 pagina",
11/12,Cagliari - Carbonia Iglesias - Medio Campidano 2011/2012,Quartu Sant'Elena,28,4,4,sezione dedicata,,"4 tavole, 4 pagine",
11/12,Cagliari - Carbonia Iglesias - Medio Campidano 2011/2012,Selargius,32,4,4,sezione dedicata,,"4 tavole, 4 pagine",
11/12,Cagliari - Carbonia Iglesias - Medio Campidano 2011/2012,Carbonia,36,2,2,sezione dedicata,,"2 tavole, 2 pagine",
11/12,Cagliari - Carbonia Iglesias - Medio Campidano 2011/2012,Iglesias,39,3,3,sezione dedicata,,"3 tavole, 3 pagine",
11/12,Cagliari - Carbonia Iglesias - Medio Campidano 2011/2012,Sanluri,42,2,2,sezione dedicata,,"2 tavole, 2 pagine",
11/12,Cagliari - Carbonia Iglesias - Medio Campidano 2011/2012,Villacidro,44,2,2,sezione dedicata,,"2 tavole, 2 pagine",
12/13,Cagliari - Carbonia Iglesias - Medio Campidano 2012/2013,Cagliari,5,14,14,sezione dedicata,,"14 tavole, 14 pagine",
12/13,Cagliari - Carbonia Iglesias - Medio Campidano 2012/2013,Elmas,19,1,1,sezione dedicata,,"1 tavola, 1 pagina",
12/13,Cagliari - Carbonia Iglesias - Medio Campidano 2012/2013,Muravera,20,1,1,sezione dedicata,,"1 tavola, 1 pagina",
12/13,Cagliari - Carbonia Iglesias - Medio Campidano 2012/2013,Pula,21,1,1,sezione dedicata,,"1 tavola, 1 pagina",
12/13,Cagliari - Carbonia Iglesias - Medio Campidano 2012/2013,Quartu Sant'Elena,22,4,4,sezione dedicata,,"4 tavole, 4 pagine",
12/13,Cagliari - Carbonia Iglesias - Medio Campidano 2012/2013,Sestu,26,2,2,sezione dedicata,,"2 tavole, 2 pagine",
12/13,Cagliari - Carbonia Iglesias - Medio Campidano 2012/2013,Carbonia,28,2,2,sezione dedicata,,"2 tavole, 2 pagine",
12/13,Cagliari - Carbonia Iglesias - Medio Campidano 2012/2013,Iglesias,31,3,3,sezione dedicata,,"3 tavole, 3 pagine",
12/13,Cagliari - Carbonia Iglesias - Medio Campidano 2012/2013,Sanluri,34,2,2,sezione dedicata,,"2 tavole, 2 pagine",
12/13,Cagliari - Carbonia Iglesias - Medio Campidano 2012/2013,Villacidro,36,2,2,sezione dedicata,,"2 tavole, 2 pagine",
13/14,Cagliari - Carbonia Iglesias - Medio Campidano 2013/2014,Cagliari,9,14,14,sezione dedicata,,"14 tavole, 14 pagine",
13/14,Cagliari - Carbonia Iglesias - Medio Campidano 2013/2014,Elmas,23,1,1,sezione dedicata,,"1 tavola, 1 pagina",
13/14,Cagliari - Carbonia Iglesias - Medio Campidano 2013/2014,Monserrato,24,2,2,sezione dedicata,,"2 tavole, 2 pagine",
13/14,Cagliari - Carbonia Iglesias - Medio Campidano 2013/2014,Muravera,26,1,1,sezione dedicata,,"1 tavola, 1 pagina",
13/14,Cagliari - Carbonia Iglesias - Medio Campidano 2013/2014,Pula,27,1,1,sezione dedicata,,"1 tavola, 1 pagina",
13/14,Cagliari - Carbonia Iglesias - Medio Campidano 2013/2014,Quartu Sant'Elena,28,4,4,sezione dedicata,,"4 tavole, 4 pagine",
13/14,Cagliari - Carbonia Iglesias - Medio Campidano 2013/2014,Sestu,32,2,2,sezione dedicata,,"2 tavole, 2 pagine",
13/14,Cagliari - Carbonia Iglesias - Medio Campidano 2013/2014,Selargius,34,4,4,sezione dedicata,,"4 tavole, 4 pagine",
13/14,Cagliari - Carbonia Iglesias - Medio Campidano 2013/2014,Iglesias,41,3,3,sezione dedicata,,"3 tavole, 3 pagine",
13/14,Cagliari - Carbonia Iglesias - Medio Campidano 2013/2014,Carbonia,44,2,2,sezione dedicata,,"2 tavole, 2 pagine",
13/14,Cagliari - Carbonia Iglesias - Medio Campidano 2013/2014,Sanluri,48,2,2,sezione dedicata,,"2 tavole, 2 pagine",
13/14,Cagliari - Carbonia Iglesias - Medio Campidano 2013/2014,Villacidro,50,2,2,sezione dedicata,,"2 tavole, 2 pagine",
14/15,Cagliari - Carbonia Iglesias - Medio Campidano 2014/2015,Cagliari,5,14,14,sezione dedicata,,"14 tavole, 14 pagine",
14/15,Cagliari - Carbonia Iglesias - Medio Campidano 2014/2015,Elmas,19,1,1,sezione dedicata,,"1 tavola, 1 pagina",
14/15,Cagliari - Carbonia Iglesias - Medio Campidano 2014/2015,Monserrato,20,2,2,sezione dedicata,,"2 tavole, 2 pagine",
14/15,Cagliari - Carbonia Iglesias - Medio Campidano 2014/2015,Muravera,22,1,1,sezione dedicata,,"1 tavola, 1 pagina",
14/15,Cagliari - Carbonia Iglesias - Medio Campidano 2014/2015,Pula,23,1,1,sezione dedicata,,"1 tavola, 1 pagina",
14/15,Cagliari - Carbonia Iglesias - Medio Campidano 2014/2015,Quartu Sant'Elena,24,4,4,sezione dedicata,,"4 tavole, 4 pagine",
14/15,Cagliari - Carbonia Iglesias - Medio Campidano 2014/2015,Sestu,28,2,2,sezione dedicata,,"2 tavole, 2 pagine",
14/15,Cagliari - Carbonia Iglesias - Medio Campidano 2014/2015,Selargius,30,4,4,sezione dedicata,,"4 tavole, 4 pagine",
14/15,Cagliari - Carbonia Iglesias - Medio Campidano 2014/2015,Iglesias,35,3,3,sezione dedicata,,"3 tavole, 3 pagine",
14/15,Cagliari - Carbonia Iglesias - Medio Campidano 2014/2015,Carbonia,38,2,2,sezione dedicata,,"2 tavole, 2 pagine",
14/15,Cagliari - Carbonia Iglesias - Medio Campidano 2014/2015,Sanluri,40,2,2,sezione dedicata,,"2 tavole, 2 pagine",
14/15,Cagliari - Carbonia Iglesias - Medio Campidano 2014/2015,Villacidro,42,2,2,sezione dedicata,,"2 tavole, 2 pagine",
